sno,title,nco_2015,nco_2004,division,sub_division,group,family
1503,Bus Conductor,5112.1000,5112.70,Service and Sales Workers,Personal Service Workers,"Travel Attendants, Conductors and Guides",Transport Conductors
1504,"Transport Conductors, Other",5112.9900,5112.90,Service and Sales Workers,Personal Service Workers,"Travel Attendants, Conductors and Guides",Transport Conductors
1505,"Guides, Other",5113.9900,5113.90,Service and Sales Workers,Personal Service Workers,"Travel Attendants, Conductors and Guides",Travel Guides
1506,Travel Agent,5113.0100,5113.10,Service and Sales Workers,Personal Service Workers,"Travel Attendants, Conductors and Guides",Travel Guides
1507,Tourist Guide,5113.0200,5113.20,Service and Sales Workers,Personal Service Workers,"Travel Attendants, Conductors and Guides",Travel Guides
1508,"Cook, Institutional",5120.0200,5122.20,Service and Sales Workers,Personal Service Workers,Cooks,Cooks
1509,"Cook, Domestic",5120.0300,5122.30,Service and Sales Workers,Personal Service Workers,Cooks,Cooks
1510,"Cook, Ship",5120.0400,5122.40,Service and Sales Workers,Personal Service Workers,Cooks,Cooks
1511,Kitchen Porter/Steward,5120.0500,5122.50,Service and Sales Workers,Personal Service Workers,Cooks,Cooks
1512,Pantry Man,5120.0600,5122.60,Service and Sales Workers,Personal Service Workers,Cooks,Cooks
1513,"Cooks, Other",5120.9900,5122.90,Service and Sales Workers,Personal Service Workers,Cooks,Cooks
1514,Butler,5131.0100,5123.10,Service and Sales Workers,Personal Service Workers,Waiters and Bartenders,Waiters
1515,"Steward, Hotel",5131.0200,5123.20,Service and Sales Workers,Personal Service Workers,Waiters and Bartenders,Waiters
1516,"Bearer, Domestic/Household Workers",5131.0300,5123.30,Service and Sales Workers,Personal Service Workers,Waiters and Bartenders,Waiters
1517,"Waiter, Institutional/Food & Beverage Service –Steward",5131.0401,5123.40,Service and Sales Workers,Personal Service Workers,Waiters and Bartenders,Waiters
1518,Wine Waiter,5131.0500,5123.50,Service and Sales Workers,Personal Service Workers,Waiters and Bartenders,Waiters
1519,"Waiters, Other",5131.9900,5123.90,Service and Sales Workers,Personal Service Workers,Waiters and Bartenders,Waiters
1520,Barman,5132.0100,5123.60,Service and Sales Workers,Personal Service Workers,Waiters and Bartenders,Bartenders
1521,"Bartenders, Other",5132.9900,,Service and Sales Workers,Personal Service Workers,Waiters and Bartenders,Bartenders
1522,Hair Stylist,5141.0202,5141.15,Service and Sales Workers,Personal Service Workers,"Hairdressers, Beauticians and Related Workers",Hairdressers
1523,Assistant Hair Stylist,5141.0201,,Service and Sales Workers,Personal Service Workers,"Hairdressers, Beauticians and Related Workers",Hairdressers
1524,Barber,5141.0300,5141.20,Service and Sales Workers,Personal Service Workers,"Hairdressers, Beauticians and Related Workers",Hairdressers
1525,"Hairdressers, Other",5141.9900,,Service and Sales Workers,Personal Service Workers,"Hairdressers, Beauticians and Related Workers",Hairdressers
1526,Hairdresser (Ladies),5141.0100,5141.10,Service and Sales Workers,Personal Service Workers,"Hairdressers, Beauticians and Related Workers",Hairdressers
1527,Beautician,5142.0100,5141.30,Service and Sales Workers,Personal Service Workers,"Hairdressers, Beauticians and Related Workers",Beauticians and Related Workers
1528,Assistant Beautician,5142.0101,,Service and Sales Workers,Personal Service Workers,"Hairdressers, Beauticians and Related Workers",Beauticians and Related Workers
1529,Manicurist,5142.0200,5141.40,Service and Sales Workers,Personal Service Workers,"Hairdressers, Beauticians and Related Workers",Beauticians and Related Workers
1530,Pedicurist and Manicurist,5142.0201,,Service and Sales Workers,Personal Service Workers,"Hairdressers, Beauticians and Related Workers",Beauticians and Related Workers
1531,Skincare Specialist,5142.0300,5141.45,Service and Sales Workers,Personal Service Workers,"Hairdressers, Beauticians and Related Workers",Beauticians and Related Workers
1532,Make-Up Man,5142.0400,5141.50,Service and Sales Workers,Personal Service Workers,"Hairdressers, Beauticians and Related Workers",Beauticians and Related Workers
1533,"Dresser, Stage & Studio",5142.0500,5141.60,Service and Sales Workers,Personal Service Workers,"Hairdressers, Beauticians and Related Workers",Beauticians and Related Workers
1534,Wigman,5142.0600,5141.70,Service and Sales Workers,Personal Service Workers,"Hairdressers, Beauticians and Related Workers",Beauticians and Related Workers
1535,Bath Attendant,5142.0700,5141.80,Service and Sales Workers,Personal Service Workers,"Hairdressers, Beauticians and Related Workers",Beauticians and Related Workers
1536,"Beauticians and Related Workers, Others",5142.9900,5141.90,Service and Sales Workers,Personal Service Workers,"Hairdressers, Beauticians and Related Workers",Beauticians and Related Workers
1537,Room Attendant,5151.0202,,Service and Sales Workers,Personal Service Workers,Building and Housekeeping Supervisor,"Cleaning and Housekeeping Supervisors in Offices, Hotels and Other Establishments"
1538,House Stewards/Domestic Help,5151.0300,5121.30,Service and Sales Workers,Personal Service Workers,Building and Housekeeping Supervisor,"Cleaning and Housekeeping Supervisors in Offices, Hotels and Other Establishments"
1539,"Matron, Housekeeping",5151.0400,5121.35,Service and Sales Workers,Personal Service Workers,Building and Housekeeping Supervisor,"Cleaning and Housekeeping Supervisors in Offices, Hotels and Other Establishments"
1540,Linen Keeper,5151.0500,5121.50,Service and Sales Workers,Personal Service Workers,Building and Housekeeping Supervisor,"Cleaning and Housekeeping Supervisors in Offices, Hotels and Other Establishments"
1541,Hotel and Restaurant Keeper/Hotel and Restaurant Owner,5151.0600,5121.60,Service and Sales Workers,Personal Service Workers,Building and Housekeeping Supervisor,"Cleaning and Housekeeping Supervisors in Offices, Hotels and Other Establishments"
1542,"Supervisor, Front Office/Customer Service Executive (Meet and Greet)",5151.0701,5121.25,Service and Sales Workers,Personal Service Workers,Building and Housekeeping Supervisor,"Cleaning and Housekeeping Supervisors in Offices, Hotels and Other Establishments"
1543,Room Bearer/Bell Boys/Bell Hop/Hotel Porters,5151.0800,5121.70,Service and Sales Workers,Personal Service Workers,Building and Housekeeping Supervisor,"Cleaning and Housekeeping Supervisors in Offices, Hotels and Other Establishments"
1544,"Cleaning and Housekeeping Supervisors in Offices, Hotels and Other Establishments, Other",5151.9900,5121.90,Service and Sales Workers,Personal Service Workers,Building and Housekeeping Supervisor,"Cleaning and Housekeeping Supervisors in Offices, Hotels and Other Establishments"
1545,Housekeeper (Institutional)/Housekeeping Supervisor,5151.0101,5121.10,Service and Sales Workers,Personal Service Workers,Building and Housekeeping Supervisor,"Cleaning and Housekeeping Supervisors in Offices, Hotels and Other Establishments"
1546,Janitor/Housekeeping Attendant,5151.0201,5121.15,Service and Sales Workers,Personal Service Workers,Building and Housekeeping Supervisor,"Cleaning and Housekeeping Supervisors in Offices, Hotels and Other Establishments"
1547,Housekeeper (Domestic),5152.0100,5121.20,Service and Sales Workers,Personal Service Workers,Building and Housekeeping Supervisor,Domestic Housekeepers
1548,"Domestic Housekeepers, Others",5152.9900,,Service and Sales Workers,Personal Service Workers,Building and Housekeeping Supervisor,Domestic Housekeepers
1549,"Caretaker, Building",5153.0100,9141.10,Service and Sales Workers,Personal Service Workers,Building and Housekeeping Supervisor,Building Caretakers
1550,"Caretaker, Monument",5153.0200,9141.20,Service and Sales Workers,Personal Service Workers,Building and Housekeeping Supervisor,Building Caretakers
1551,"Caretaker, Burial Places and Cremation Grounds",5153.0300,9141.30,Service and Sales Workers,Personal Service Workers,Building and Housekeeping Supervisor,Building Caretakers
1552,"Building Caretakers, Other",5153.9900,9141.90,Service and Sales Workers,Personal Service Workers,Building and Housekeeping Supervisor,Building Caretakers
1553,"Astrologers, Fortune Tellers and Related Workers, Other",5161.9900,5152.90,Service and Sales Workers,Personal Service Workers,Other Personal Services Workers,"Astrologers, Fortune Tellers and Related Workers"
1554,Astrologer,5161.0100,5151.10,Service and Sales Workers,Personal Service Workers,Other Personal Services Workers,"Astrologers, Fortune Tellers and Related Workers"
1555,Palmist,5161.0200,5152.10,Service and Sales Workers,Personal Service Workers,Other Personal Services Workers,"Astrologers, Fortune Tellers and Related Workers"
1556,Undertaker,5163.0100,5143.10,Service and Sales Workers,Personal Service Workers,Other Personal Services Workers,Undertakers and Embalmers
1557,Embalmer,5163.0200,5143.20,Service and Sales Workers,Personal Service Workers,Other Personal Services Workers,Undertakers and Embalmers
1558,Grave Digger,5163.0300,5143.30,Service and Sales Workers,Personal Service Workers,Other Personal Services Workers,Undertakers and Embalmers
1559,"Undertakers and Embalmers, Other",5163.9900,5143.90,Service and Sales Workers,Personal Service Workers,Other Personal Services Workers,Undertakers and Embalmers
1560,Commercial Vehicle Driver Trainer,5165.0101,,Service and Sales Workers,Personal Service Workers,Other Personal Services Workers,Driving Instructors
1561,Advertising Sales Agent/Advertising Executive,5211.0100,5230.10,Service and Sales Workers,Sales Workers,Street and Market Salespersons,Stall and Market Salespersons
1562,Shop Attendant/Sales Assistant,5211.0200,5230.20,Service and Sales Workers,Sales Workers,Street and Market Salespersons,Stall and Market Salespersons
1563,Telemarketing Sales Person/Telemarketing Sales Operator,5211.0300,5230.30,Service and Sales Workers,Sales Workers,Street and Market Salespersons,Stall and Market Salespersons
1564,Sales Executive – Dealership,5211.0301,,Service and Sales Workers,Sales Workers,Street and Market Salespersons,Stall and Market Salespersons
1565,Telecaller,5211.0302,,Service and Sales Workers,Sales Workers,Street and Market Salespersons,Stall and Market Salespersons
1566,"Stall and Market Salespersons, Other",5211.9900,5230.90,Service and Sales Workers,Sales Workers,Street and Market Salespersons,Stall and Market Salespersons
1567,Milkman,5212.0100,9111.10,Service and Sales Workers,Sales Workers,"Tellers, Money Collectors and Related Clerks",Street Food Salespersons
1568,"Street Food Vendors, Other/Khomchawala, Dhabawala, Chat Thelawala",5212.9900,9111.90,Service and Sales Workers,Sales Workers,"Tellers, Money Collectors and Related Clerks",Street Food Salespersons
1569,"Sales Supervisor, Retail Trade/CRM Manager",5222.0201,5220.15,Service and Sales Workers,Sales Workers,Shop Salespersons,Shop Supervisors
1570,"Sales Supervisor, Wholesale Trade",5222.0100,5220.10,Service and Sales Workers,Sales Workers,Shop Salespersons,Shop Supervisors
1571,Area Parts Manager (APM),5222.0101,,Service and Sales Workers,Sales Workers,Shop Salespersons,Shop Supervisors
1572,Shop Assistant,5223.0100,5220.40,Service and Sales Workers,Sales Workers,Shop Salespersons,Shop Sales Assistants
1573,Order Processor,5223.0101,,Service and Sales Workers,Sales Workers,Shop Salespersons,Shop Sales Assistants
1574,Jewellery Retail Sales Associate (Basic),5223.0102,,Service and Sales Workers,Sales Workers,Shop Salespersons,Shop Sales Assistants
1575,Jewellery Retail Sales Associate (Advanced),5223.0103,,Service and Sales Workers,Sales Workers,Shop Salespersons,Shop Sales Assistants
1576,Plumbing Products Sales Assistant,5223.0104,,Service and Sales Workers,Sales Workers,Shop Salespersons,Shop Sales Assistants
1577,Trainee Associate,5223.0105,,Service and Sales Workers,Sales Workers,Shop Salespersons,Shop Sales Assistants
1578,"Model, Fashion",5241.0100,5210.10,Service and Sales Workers,Sales Workers,Other Sales Workers,Fashion and Other Models
1579,Model,5241.0200,5210.20,Service and Sales Workers,Sales Workers,Other Sales Workers,Fashion and Other Models
1580,"Fashion and Models, Other",5241.9900,5210.90,Service and Sales Workers,Sales Workers,Other Sales Workers,Fashion and Other Models
1581,Associate Operations Engineer,5242.0502,,Service and Sales Workers,Sales Workers,Other Sales Workers,Sales Demonstrators
1582,"Sales Demonstrators, Other",5242.9900,5220.90,Service and Sales Workers,Sales Workers,Other Sales Workers,Sales Demonstrators
1583,Technical Demonstrator (Sale)/Area Technical Lead,5242.0101,5220.25,Service and Sales Workers,Sales Workers,Other Sales Workers,Sales Demonstrators
1584,Sales Associate,5242.0102,,Service and Sales Workers,Sales Workers,Other Sales Workers,Sales Demonstrators
1585,Customer Care Executive (Relationship Centre),5242.0201,,Service and Sales Workers,Sales Workers,Other Sales Workers,Sales Demonstrators
1586,Customer Care Executive (Repair Centre),5242.0301,,Service and Sales Workers,Sales Workers,Other Sales Workers,Sales Demonstrators
1587,In-Store Promoter,5242.0401,,Service and Sales Workers,Sales Workers,Other Sales Workers,Sales Demonstrators
1588,Associate Network Engineer,5242.0501,,Service and Sales Workers,Sales Workers,Other Sales Workers,Sales Demonstrators
1589,Newspaper Boy,5243.0100,9113.10,Service and Sales Workers,Sales Workers,Other Sales Workers,Door-to-Door Salespersons
1590,Order Supplier/Supplier,5243.0200,9113.20,Service and Sales Workers,Sales Workers,Other Sales Workers,Door-to-Door Salespersons
1591,Home Deliveryman,5243.0300,9113.30,Service and Sales Workers,Sales Workers,Other Sales Workers,Door-to-Door Salespersons
1592,Distributor Sales Representative,5243.0401,,Service and Sales Workers,Sales Workers,Other Sales Workers,Door-to-Door Salespersons
1593,Field Sales Executive (FSE),5243.0501,,Service and Sales Workers,Sales Workers,Other Sales Workers,Door-to-Door Salespersons
1594,Sales Executive (Broadband),5243.0502,,Service and Sales Workers,Sales Workers,Other Sales Workers,Door-to-Door Salespersons
1595,"Door-to-Door and Telephone Sales Persons, Other",5243.9900,9113.90,Service and Sales Workers,Sales Workers,Other Sales Workers,Door-to-Door Salespersons
1596,Customer Care Executive,5244.0301,,Service and Sales Workers,Sales Workers,Other Sales Workers,Contact Centre Salespersons
1597,Remote Helpdesk Technician,5244.0302,,Service and Sales Workers,Sales Workers,Other Sales Workers,Contact Centre Salespersons
1598,Customer Care Executive (Call Centre),5244.0303,,Service and Sales Workers,Sales Workers,Other Sales Workers,Contact Centre Salespersons
1599,"Operator, Call Centre",5244.0100,5220.22,Service and Sales Workers,Sales Workers,Other Sales Workers,Contact Centre Salespersons
1600,CRM Domestic Voice,5244.0101,5220.22,Service and Sales Workers,Sales Workers,Other Sales Workers,Contact Centre Salespersons
1601,Associate – CRM,5244.0102,,Service and Sales Workers,Sales Workers,Other Sales Workers,Contact Centre Salespersons
1602,Customer Relation Executive,5244.0103,,Service and Sales Workers,Sales Workers,Other Sales Workers,Contact Centre Salespersons
1603,CRM Domestic Non-Voice,5244.0201,,Service and Sales Workers,Sales Workers,Other Sales Workers,Contact Centre Salespersons
1604,Associate Customer Care (Non-Voice),5244.0202,,Service and Sales Workers,Sales Workers,Other Sales Workers,Contact Centre Salespersons
1605,Collections Executive,5244.0203,,Service and Sales Workers,Sales Workers,Other Sales Workers,Contact Centre Salespersons
1606,Petrol Pump Salesman/Fuel Serviceman/Fuel Dispensing Attendant,5245.0101,5220.45,Service and Sales Workers,Sales Workers,Other Sales Workers,Service Station Attendants
1607,Key Account Service Manager,5249.0101,,Service and Sales Workers,Sales Workers,Other Sales Workers,Sales Workers Not Elsewhere Classified
1608,"Salesman, Wholesale Trade",5249.0200,5220.30,Service and Sales Workers,Sales Workers,Other Sales Workers,Sales Workers Not Elsewhere Classified
1609,Commercial Manager (Zonal/Regional),5249.0201,,Service and Sales Workers,Sales Workers,Other Sales Workers,Sales Workers Not Elsewhere Classified
1610,Commercial Executive/Officer,5249.0202,,Service and Sales Workers,Sales Workers,Other Sales Workers,Sales Workers Not Elsewhere Classified
1611,"Salesman, Retail Trade",5249.0301,5220.35,Service and Sales Workers,Sales Workers,Other Sales Workers,Sales Workers Not Elsewhere Classified
1612,Wholesale Dealer,5249.0400,5220.50,Service and Sales Workers,Sales Workers,Other Sales Workers,Sales Workers Not Elsewhere Classified
1613,Retail Dealer,5249.0500,5220.55,Service and Sales Workers,Sales Workers,Other Sales Workers,Sales Workers Not Elsewhere Classified
1614,Selling Agent,5249.0600,5220.60,Service and Sales Workers,Sales Workers,Other Sales Workers,Sales Workers Not Elsewhere Classified
1615,Stockist,5249.0700,5220.65,Service and Sales Workers,Sales Workers,Other Sales Workers,Sales Workers Not Elsewhere Classified
1616,"Ayah, Domestic",5311.0400,5131.20,Service and Sales Workers,Personal Care Workers,Child Care Workers and Teachers' Aides,Child Care Workers
1617,"Child Care Workers, Other",5311.9900,5131.90,Service and Sales Workers,Personal Care Workers,Child Care Workers and Teachers' Aides,Child Care Workers
1618,"Ayah, Institutional",5311.0100,5131.10,Service and Sales Workers,Personal Care Workers,Child Care Workers and Teachers' Aides,Child Care Workers
1619,Child Care Worker,5311.0200,5131.30,Service and Sales Workers,Personal Care Workers,Child Care Workers and Teachers' Aides,Child Care Workers
1620,Governess,5311.0300,5121.40,Service and Sales Workers,Personal Care Workers,Child Care Workers and Teachers' Aides,Child Care Workers
1621,Home Health Aide,5322.0101,,Service and Sales Workers,Personal Care Workers,Personal Care Workers in Health Services,Home-Based Personal Care Workers
1622,"Home-Based Personal Care Workers, Other",5322.9900,5133.90,Service and Sales Workers,Personal Care Workers,Personal Care Workers in Health Services,Home-Based Personal Care Workers
1623,General Duty Assistant,5329.0101,,Service and Sales Workers,Personal Care Workers,Personal Care Workers in Health Services,Personal Care Workers in Health Services Not Elsewhere Classified
1624,Fire Fighter,5411.0100,5161.10,Service and Sales Workers,Protective Service Workers,Protective Service Workers,Fire Fighters
1625,"Fire Fighters, Other",5411.9900,5161.90,Service and Sales Workers,Protective Service Workers,Protective Service Workers,Fire Fighters
1626,Police Constable,5412.0100,5162.10,Service and Sales Workers,Protective Service Workers,Protective Service Workers,Police Officers
1627,"Sepoy, Customs",5412.0200,5162.20,Service and Sales Workers,Protective Service Workers,Protective Service Workers,Police Officers
1628,"Constable, Excise",5412.0300,5162.30,Service and Sales Workers,Protective Service Workers,Protective Service Workers,Police Officers
1629,"Police Officers, Other",5412.9900,5162.90,Service and Sales Workers,Protective Service Workers,Protective Service Workers,Police Officers
1630,"Warder, Jail",5413.0100,5163.10,Service and Sales Workers,Protective Service Workers,Protective Service Workers,Prison Guards
1631,"Prison Guards, Other",5413.9900,5163.90,Service and Sales Workers,Protective Service Workers,Protective Service Workers,Prison Guards
1632,CCTV Supervisor,5414.0121,,Service and Sales Workers,Protective Service Workers,Protective Service Workers,Security Guards
1633,Armed Security Guard,5414.0151,,Service and Sales Workers,Protective Service Workers,Protective Service Workers,Security Guards
1634,Personal Security Officer,5414.0171,,Service and Sales Workers,Protective Service Workers,Protective Service Workers,Security Guards
1635,Home Guard,5414.0200,5169.20,Service and Sales Workers,Protective Service Workers,Protective Service Workers,Security Guards
1636,Watchman,5414.0400,9152.20,Service and Sales Workers,Protective Service Workers,Protective Service Workers,Security Guards
1637,Gateman/Unarmed Security Guard,5414.0501,9152.30,Service and Sales Workers,Protective Service Workers,Protective Service Workers,Security Guards
1638,Security Officer,5414.0101,5169.10,Service and Sales Workers,Protective Service Workers,Protective Service Workers,Security Guards
1639,Assignment Manager,5414.0102,,Service and Sales Workers,Protective Service Workers,Protective Service Workers,Security Guards
1640,Security Supervisor,5414.0111,,Service and Sales Workers,Protective Service Workers,Protective Service Workers,Security Guards
1641,Coconut Grower,6111.0851,,"Skilled Agricultural, Forestry and Fishery Workers",Market-Oriented Skilled Agricultural Workers,Market Gardeners & Crop Growers,Field Crop and Vegetable Growers
1642,Friends of Coconut Tree,6111.0852,,"Skilled Agricultural, Forestry and Fishery Workers",Market-Oriented Skilled Agricultural Workers,Market Gardeners & Crop Growers,Field Crop and Vegetable Growers
1643,Banana Farmer,6111.0901,,"Skilled Agricultural, Forestry and Fishery Workers",Market-Oriented Skilled Agricultural Workers,Market Gardeners & Crop Growers,Field Crop and Vegetable Growers
1644,Mango Growe,6111.1001,,"Skilled Agricultural, Forestry and Fishery Workers",Market-Oriented Skilled Agricultural Workers,Market Gardeners & Crop Growers,Field Crop and Vegetable Growers
1645,Citrus Fruit Grower,6111.1101,,"Skilled Agricultural, Forestry and Fishery Workers",Market-Oriented Skilled Agricultural Workers,Market Gardeners & Crop Growers,Field Crop and Vegetable Growers
1646,Viniculturist,6111.1200,6112.20,"Skilled Agricultural, Forestry and Fishery Workers",Market-Oriented Skilled Agricultural Workers,Market Gardeners & Crop Growers,Field Crop and Vegetable Growers
1647,"Cultivator, General",6111.0100,6111.10,"Skilled Agricultural, Forestry and Fishery Workers",Market-Oriented Skilled Agricultural Workers,Market Gardeners & Crop Growers,Field Crop and Vegetable Growers
1648,"Cultivator, Vegetables",6111.1300,6111.30,"Skilled Agricultural, Forestry and Fishery Workers",Market-Oriented Skilled Agricultural Workers,Market Gardeners & Crop Growers,Field Crop and Vegetable Growers
1649,Paddy Farmer,6111.0101,,"Skilled Agricultural, Forestry and Fishery Workers",Market-Oriented Skilled Agricultural Workers,Market Gardeners & Crop Growers,Field Crop and Vegetable Growers
1650,Bulb Crop Cultivator,6111.1401,,"Skilled Agricultural, Forestry and Fishery Workers",Market-Oriented Skilled Agricultural Workers,Market Gardeners & Crop Growers,Field Crop and Vegetable Growers
1651,"Cultivator, Crop",6111.0200,6111.20,"Skilled Agricultural, Forestry and Fishery Workers",Market-Oriented Skilled Agricultural Workers,Market Gardeners & Crop Growers,Field Crop and Vegetable Growers
1652,Solanaceous Crop Cultivator,6111.1501,,"Skilled Agricultural, Forestry and Fishery Workers",Market-Oriented Skilled Agricultural Workers,Market Gardeners & Crop Growers,Field Crop and Vegetable Growers
1653,Wheat Cultivator,6111.0201,,"Skilled Agricultural, Forestry and Fishery Workers",Market-Oriented Skilled Agricultural Workers,Market Gardeners & Crop Growers,Field Crop and Vegetable Growers
1654,Tuber Crop Cultivator,6111.1601,,"Skilled Agricultural, Forestry and Fishery Workers",Market-Oriented Skilled Agricultural Workers,Market Gardeners & Crop Growers,Field Crop and Vegetable Growers
1655,Maize Cultivator,6111.0301,,"Skilled Agricultural, Forestry and Fishery Workers",Market-Oriented Skilled Agricultural Workers,Market Gardeners & Crop Growers,Field Crop and Vegetable Growers
1656,Chillies Cultivator,6111.1801,,"Skilled Agricultural, Forestry and Fishery Workers",Market-Oriented Skilled Agricultural Workers,Market Gardeners & Crop Growers,Field Crop and Vegetable Growers
1657,Pulses Cultivator,6111.0401,,"Skilled Agricultural, Forestry and Fishery Workers",Market-Oriented Skilled Agricultural Workers,Market Gardeners & Crop Growers,Field Crop and Vegetable Growers
1658,Coriander Cultivator,6111.1901,,"Skilled Agricultural, Forestry and Fishery Workers",Market-Oriented Skilled Agricultural Workers,Market Gardeners & Crop Growers,Field Crop and Vegetable Growers
1659,Soybean Cultivator,6111.0501,,"Skilled Agricultural, Forestry and Fishery Workers",Market-Oriented Skilled Agricultural Workers,Market Gardeners & Crop Growers,Field Crop and Vegetable Growers
1660,"Fieldman, Agriculture",6111.2000,6111.50,"Skilled Agricultural, Forestry and Fishery Workers",Market-Oriented Skilled Agricultural Workers,Market Gardeners & Crop Growers,Field Crop and Vegetable Growers
1661,Cotton Cultivator,6111.0601,,"Skilled Agricultural, Forestry and Fishery Workers",Market-Oriented Skilled Agricultural Workers,Market Gardeners & Crop Growers,Field Crop and Vegetable Growers
1662,"Field Crop and Vegetable Growers, Other",6111.9900,6111.90,"Skilled Agricultural, Forestry and Fishery Workers",Market-Oriented Skilled Agricultural Workers,Market Gardeners & Crop Growers,Field Crop and Vegetable Growers
1663,Sugarcane Cultivator,6111.0701,,"Skilled Agricultural, Forestry and Fishery Workers",Market-Oriented Skilled Agricultural Workers,Market Gardeners & Crop Growers,Field Crop and Vegetable Growers
1664,"Cultivator, Fruit",6111.0800,6112.10,"Skilled Agricultural, Forestry and Fishery Workers",Market-Oriented Skilled Agricultural Workers,Market Gardeners & Crop Growers,Field Crop and Vegetable Growers
1665,Neera Technician,6112.0201,,"Skilled Agricultural, Forestry and Fishery Workers",Market-Oriented Skilled Agricultural Workers,Market Gardeners & Crop Growers,Tree and Shrub Crop Growers
1666,"Tapper, Rubber",6112.0300,6112.50,"Skilled Agricultural, Forestry and Fishery Workers",Market-Oriented Skilled Agricultural Workers,Market Gardeners & Crop Growers,Tree and Shrub Crop Growers
1667,Budder,6112.0400,6112.65,"Skilled Agricultural, Forestry and Fishery Workers",Market-Oriented Skilled Agricultural Workers,Market Gardeners & Crop Growers,Tree and Shrub Crop Growers
1668,Tea Plantation Worker,6112.0501,,"Skilled Agricultural, Forestry and Fishery Workers",Market-Oriented Skilled Agricultural Workers,Market Gardeners & Crop Growers,Tree and Shrub Crop Growers
1669,Coffee Plantation Worker,6112.0601,,"Skilled Agricultural, Forestry and Fishery Workers",Market-Oriented Skilled Agricultural Workers,Market Gardeners & Crop Growers,Tree and Shrub Crop Growers
1670,Bamboo Grower,6112.0701,,"Skilled Agricultural, Forestry and Fishery Workers",Market-Oriented Skilled Agricultural Workers,Market Gardeners & Crop Growers,Tree and Shrub Crop Growers
1671,Rubber Nursery Worker – Budder,6112.0801,,"Skilled Agricultural, Forestry and Fishery Workers",Market-Oriented Skilled Agricultural Workers,Market Gardeners & Crop Growers,Tree and Shrub Crop Growers
1672,Rubber Nursery Worker – General,6112.0802,,"Skilled Agricultural, Forestry and Fishery Workers",Market-Oriented Skilled Agricultural Workers,Market Gardeners & Crop Growers,Tree and Shrub Crop Growers
1673,"Tree and Shrub Crop Growers, Other",6112.9900,6112.90,"Skilled Agricultural, Forestry and Fishery Workers",Market-Oriented Skilled Agricultural Workers,Market Gardeners & Crop Growers,Tree and Shrub Crop Growers
1674,"Pruner, Tea Gardens",6112.0100,6112.30,"Skilled Agricultural, Forestry and Fishery Workers",Market-Oriented Skilled Agricultural Workers,Market Gardeners & Crop Growers,Tree and Shrub Crop Growers
1675,"Tapper, Palm Juice",6112.0200,6112.40,"Skilled Agricultural, Forestry and Fishery Workers",Market-Oriented Skilled Agricultural Workers,Market Gardeners & Crop Growers,Tree and Shrub Crop Growers
1676,"Nursery Workers and Gardeners, Other",6113.9900,6113.90,"Skilled Agricultural, Forestry and Fishery Workers",Market-Oriented Skilled Agricultural Workers,Market Gardeners & Crop Growers,"Gardeners, Horticultural and Nursery Growers"
1677,Planter,6113.0100,6113.10,"Skilled Agricultural, Forestry and Fishery Workers",Market-Oriented Skilled Agricultural Workers,Market Gardeners & Crop Growers,"Gardeners, Horticultural and Nursery Growers"
1678,Nurseryman,6113.0200,6113.20,"Skilled Agricultural, Forestry and Fishery Workers",Market-Oriented Skilled Agricultural Workers,Market Gardeners & Crop Growers,"Gardeners, Horticultural and Nursery Growers"
1679,"Gardener, General",6113.0301,6113.30,"Skilled Agricultural, Forestry and Fishery Workers",Market-Oriented Skilled Agricultural Workers,Market Gardeners & Crop Growers,"Gardeners, Horticultural and Nursery Growers"
1680,Groundsman,6113.0400,6113.40,"Skilled Agricultural, Forestry and Fishery Workers",Market-Oriented Skilled Agricultural Workers,Market Gardeners & Crop Growers,"Gardeners, Horticultural and Nursery Growers"
1681,Greenhouse Fitter,6113.0501,,"Skilled Agricultural, Forestry and Fishery Workers",Market-Oriented Skilled Agricultural Workers,Market Gardeners & Crop Growers,"Gardeners, Horticultural and Nursery Growers"
1682,Floriculturist – (Open Cultivation),6113.0601,,"Skilled Agricultural, Forestry and Fishery Workers",Market-Oriented Skilled Agricultural Workers,Market Gardeners & Crop Growers,"Gardeners, Horticultural and Nursery Growers"
1683,Floriculturist – (Protected Cultivation),6113.0602,,"Skilled Agricultural, Forestry and Fishery Workers",Market-Oriented Skilled Agricultural Workers,Market Gardeners & Crop Growers,"Gardeners, Horticultural and Nursery Growers"
1684,"Mixed Crop Growers, Other",6114.9900,6114.90,"Skilled Agricultural, Forestry and Fishery Workers",Market-Oriented Skilled Agricultural Workers,Market Gardeners & Crop Growers,Mixed Crop Growers
1685,Agriculture Extension Executive,6116.0101,,"Skilled Agricultural, Forestry and Fishery Workers",Market-Oriented Skilled Agricultural Workers,Market Gardeners & Crop Growers,Agriculture Information Management
1686,Agriculture Extension Service Provider,6116.0102,,"Skilled Agricultural, Forestry and Fishery Workers",Market-Oriented Skilled Agricultural Workers,Market Gardeners & Crop Growers,Agriculture Information Management
1687,Community Service Provider,6116.0112,,"Skilled Agricultural, Forestry and Fishery Workers",Market-Oriented Skilled Agricultural Workers,Market Gardeners & Crop Growers,Agriculture Information Management
1688,"Shearer, Animal, Other/Shearer, Other Animals",6121.1300,6121.70,"Skilled Agricultural, Forestry and Fishery Workers",Market-Oriented Skilled Agricultural Workers,Animal Producers,Livestock and Dairy Producers
1689,Grass Cutter,6121.1400,6121.75,"Skilled Agricultural, Forestry and Fishery Workers",Market-Oriented Skilled Agricultural Workers,Animal Producers,Livestock and Dairy Producers
1690,"Dairy and Livestock Producers, Other",6121.9900,6121.90,"Skilled Agricultural, Forestry and Fishery Workers",Market-Oriented Skilled Agricultural Workers,Animal Producers,Livestock and Dairy Producers
1691,"Farmer, Livestock",6121.10,,"Skilled Agricultural, Forestry and Fishery Workers",Market-Oriented Skilled Agricultural Workers,Animal Producers,Livestock and Dairy Producers
1692,"Farmer, Dairy/Dairy Farmer/Entrepreneur",6121.0201,6121.15,"Skilled Agricultural, Forestry and Fishery Workers",Market-Oriented Skilled Agricultural Workers,Animal Producers,Livestock and Dairy Producers
1693,"Livestock Worker, General",6121.0300,6121.20,"Skilled Agricultural, Forestry and Fishery Workers",Market-Oriented Skilled Agricultural Workers,Animal Producers,Livestock and Dairy Producers
1694,Herdsman,6121.0400,6121.25,"Skilled Agricultural, Forestry and Fishery Workers",Market-Oriented Skilled Agricultural Workers,Animal Producers,Livestock and Dairy Producers
1695,Livestock Workers/Other Livestock Workers,6121.0500,6121.30,"Skilled Agricultural, Forestry and Fishery Workers",Market-Oriented Skilled Agricultural Workers,Animal Producers,Livestock and Dairy Producers
1696,"Dairy Farm Worker, General/Dairy Worker",6121.0601,6121.35,"Skilled Agricultural, Forestry and Fishery Workers",Market-Oriented Skilled Agricultural Workers,Animal Producers,Livestock and Dairy Producers
1697,Milker,6121.0700,6121.40,"Skilled Agricultural, Forestry and Fishery Workers",Market-Oriented Skilled Agricultural Workers,Animal Producers,Livestock and Dairy Producers
1698,"Milker, Machine",6121.0800,6121.45,"Skilled Agricultural, Forestry and Fishery Workers",Market-Oriented Skilled Agricultural Workers,Animal Producers,Livestock and Dairy Producers
1699,Stableman,6121.1000,6121.55,"Skilled Agricultural, Forestry and Fishery Workers",Market-Oriented Skilled Agricultural Workers,Animal Producers,Livestock and Dairy Producers
1700,Elephant Keeper,6121.1100,6121.60,"Skilled Agricultural, Forestry and Fishery Workers",Market-Oriented Skilled Agricultural Workers,Animal Producers,Livestock and Dairy Producers
1701,"Shearer, Sheep",6121.1200,6121.65,"Skilled Agricultural, Forestry and Fishery Workers",Market-Oriented Skilled Agricultural Workers,Animal Producers,Livestock and Dairy Producers
1702,"Farmer, Poultry/Broiler Farm Supervisor",6122.0101,6122.10,"Skilled Agricultural, Forestry and Fishery Workers",Market-Oriented Skilled Agricultural Workers,Animal Producers,Poultry Producers
1703,"Farmer, Poultry Breeding",6122.0200,6122.20,"Skilled Agricultural, Forestry and Fishery Workers",Market-Oriented Skilled Agricultural Workers,Animal Producers,Poultry Producers
1704,"Poultry Farm Worker, General/Broiler Farm Worker",6122.0301,6122.30,"Skilled Agricultural, Forestry and Fishery Workers",Market-Oriented Skilled Agricultural Workers,Animal Producers,Poultry Producers
1705,Hatchery Operator/Hatchery In-Charge,6122.0401,6122.40,"Skilled Agricultural, Forestry and Fishery Workers",Market-Oriented Skilled Agricultural Workers,Animal Producers,Poultry Producers
1706,"Poultry Farm Workers, Other",6122.9900,6122.90,"Skilled Agricultural, Forestry and Fishery Workers",Market-Oriented Skilled Agricultural Workers,Animal Producers,Poultry Producers
1707,Beekeeper,6123.0101,6123.10,"Skilled Agricultural, Forestry and Fishery Workers",Market-Oriented Skilled Agricultural Workers,Animal Producers,Apiarists and Sericulturists
1708,"Rearer, Silkworm/ Sericulturist",6123.0201,6123.20,"Skilled Agricultural, Forestry and Fishery Workers",Market-Oriented Skilled Agricultural Workers,Animal Producers,Apiarists and Sericulturists
1709,"Apiarists and Sericulturists, Other",6123.9900,6123.90,"Skilled Agricultural, Forestry and Fishery Workers",Market-Oriented Skilled Agricultural Workers,Animal Producers,Apiarists and Sericulturists
1710,"Farmer, Fur-Bearing Animals",6129.0100,6129.10,"Skilled Agricultural, Forestry and Fishery Workers",Market-Oriented Skilled Agricultural Workers,Animal Producers,Animal Producers Not Elsewhere Classified
1711,Mixed Animal Producers,6129.0200,6124,"Skilled Agricultural, Forestry and Fishery Workers",Market-Oriented Skilled Agricultural Workers,Animal Producers,Animal Producers Not Elsewhere Classified
1712,"Animal Producers and Related Workers, Other",6129.9900,6129.90,"Skilled Agricultural, Forestry and Fishery Workers",Market-Oriented Skilled Agricultural Workers,Animal Producers,Animal Producers Not Elsewhere Classified
1713,Seed Processing Worker,6130.0202,,"Skilled Agricultural, Forestry and Fishery Workers",Market-Oriented Skilled Agricultural Workers,Mixed Crop and Animal Workers,Mixed Crop and Animal Workers
1714,"Mixed Crop and Animal Workers, Other",6130.9900,6130.90,"Skilled Agricultural, Forestry and Fishery Workers",Market-Oriented Skilled Agricultural Workers,Mixed Crop and Animal Workers,Mixed Crop and Animal Workers
1715,Artificial Breeding Technician,6130.0100,6130.10,"Skilled Agricultural, Forestry and Fishery Workers",Market-Oriented Skilled Agricultural Workers,Mixed Crop and Animal Workers,Mixed Crop and Animal Workers
1716,Seed Grower/Quality Seed Grower,6130.0201,6112.60,"Skilled Agricultural, Forestry and Fishery Workers",Market-Oriented Skilled Agricultural Workers,Mixed Crop and Animal Workers,Mixed Crop and Animal Workers
1717,"Estimator, Timber",6210.1400,6141.75,"Skilled Agricultural, Forestry and Fishery Workers",Market-Oriented Skilled Agricultural Workers,Forestry and Related Workers,Forestry and Related Workers
1718,Log Driver,6210.1600,6141.85,"Skilled Agricultural, Forestry and Fishery Workers",Market-Oriented Skilled Agricultural Workers,Forestry and Related Workers,Forestry and Related Workers
1719,Forester,6210.0100,6141.10,"Skilled Agricultural, Forestry and Fishery Workers",Market-Oriented Skilled Agricultural Workers,Forestry and Related Workers,Forestry and Related Workers
1720,"Charcoal Burner, Wood",6210.1700,6142.10,"Skilled Agricultural, Forestry and Fishery Workers",Market-Oriented Skilled Agricultural Workers,Forestry and Related Workers,Forestry and Related Workers
1721,Forest Guard,6210.0200,6141.15,"Skilled Agricultural, Forestry and Fishery Workers",Market-Oriented Skilled Agricultural Workers,Forestry and Related Workers,Forestry and Related Workers
1722,"Digester Operator, Wood",6210.1800,6142.20,"Skilled Agricultural, Forestry and Fishery Workers",Market-Oriented Skilled Agricultural Workers,Forestry and Related Workers,Forestry and Related Workers
1723,Forest Fire Watcher,6210.0300,6141.20,"Skilled Agricultural, Forestry and Fishery Workers",Market-Oriented Skilled Agricultural Workers,Forestry and Related Workers,Forestry and Related Workers
1724,"Distiller, Turpentine and Eucalyptus",6210.1900,6142.30,"Skilled Agricultural, Forestry and Fishery Workers",Market-Oriented Skilled Agricultural Workers,Forestry and Related Workers,Forestry and Related Workers
1725,Forest Fire Watcher,6210.0300,6141.20,"Skilled Agricultural, Forestry and Fishery Workers",Market-Oriented Skilled Agricultural Workers,Forestry and Related Workers,Forestry and Related Workers
1726,Lac Treater,6210.2000,6142.40,"Skilled Agricultural, Forestry and Fishery Workers",Market-Oriented Skilled Agricultural Workers,Forestry and Related Workers,Forestry and Related Workers
1727,Foresters and Related Workers,6210.0400,6141.25,"Skilled Agricultural, Forestry and Fishery Workers",Market-Oriented Skilled Agricultural Workers,Forestry and Related Workers,Forestry and Related Workers
1728,"Forestry and Related Workers, Other",6210.9900,6141.90,"Skilled Agricultural, Forestry and Fishery Workers",Market-Oriented Skilled Agricultural Workers,Forestry and Related Workers,Forestry and Related Workers
1729,Gatherer Lac,6210.0500,6141.30,"Skilled Agricultural, Forestry and Fishery Workers",Market-Oriented Skilled Agricultural Workers,Forestry and Related Workers,Forestry and Related Workers
1730,"Gatherer, Medicinal Herbs",6210.0600,6141.35,"Skilled Agricultural, Forestry and Fishery Workers",Market-Oriented Skilled Agricultural Workers,Forestry and Related Workers,Forestry and Related Workers
1731,"Gatherer, Firewood",6210.0700,6141.40,"Skilled Agricultural, Forestry and Fishery Workers",Market-Oriented Skilled Agricultural Workers,Forestry and Related Workers,Forestry and Related Workers
1732,Cane Cutter,6210.0800,6141.45,"Skilled Agricultural, Forestry and Fishery Workers",Market-Oriented Skilled Agricultural Workers,Forestry and Related Workers,Forestry and Related Workers
1733,Thatch Cutter,6210.0900,6141.50,"Skilled Agricultural, Forestry and Fishery Workers",Market-Oriented Skilled Agricultural Workers,Forestry and Related Workers,Forestry and Related Workers
1734,Log Feller,6210.1000,6141.55,"Skilled Agricultural, Forestry and Fishery Workers",Market-Oriented Skilled Agricultural Workers,Forestry and Related Workers,Forestry and Related Workers
1735,Wood Cutter,6210.1100,6141.60,"Skilled Agricultural, Forestry and Fishery Workers",Market-Oriented Skilled Agricultural Workers,Forestry and Related Workers,Forestry and Related Workers
1736,"Marker, Log",6210.1200,6141.65,"Skilled Agricultural, Forestry and Fishery Workers",Market-Oriented Skilled Agricultural Workers,Forestry and Related Workers,Forestry and Related Workers
1737,Sandalwood Extractor,6210.1300,6141.70,"Skilled Agricultural, Forestry and Fishery Workers",Market-Oriented Skilled Agricultural Workers,Forestry and Related Workers,Forestry and Related Workers
1738,Shrimp Farmer,6221.0101,,"Skilled Agricultural, Forestry and Fishery Workers",Market-Oriented Skilled Agricultural Workers,"Fishery Workers, Hunters and Trappers",Aquaculture Workers
1739,Hatchery Production Worker,6221.0102,,"Skilled Agricultural, Forestry and Fishery Workers",Market-Oriented Skilled Agricultural Workers,"Fishery Workers, Hunters and Trappers",Aquaculture Workers
1740,"Fisherman, Inland Water",6222.0100,6152.10,"Skilled Agricultural, Forestry and Fishery Workers",Market-Oriented Skilled Agricultural Workers,"Fishery Workers, Hunters and Trappers",Inland and Coastal Waters Fishery Workers
1741,"Fisherman, Estuaries, Coastal and Backwater",6222.0200,6152.20,"Skilled Agricultural, Forestry and Fishery Workers",Market-Oriented Skilled Agricultural Workers,"Fishery Workers, Hunters and Trappers",Inland and Coastal Waters Fishery Workers
1742,"Inland and Coastal Water Fishery Workers, Other",6222.9900,6152.90,"Skilled Agricultural, Forestry and Fishery Workers",Market-Oriented Skilled Agricultural Workers,"Fishery Workers, Hunters and Trappers",Inland and Coastal Waters Fishery Workers
1743,"Fisherman, Deep Sea/Marine Capture Fisherman",6223.0101,6153.10,"Skilled Agricultural, Forestry and Fishery Workers",Market-Oriented Skilled Agricultural Workers,"Fishery Workers, Hunters and Trappers",Deep Sea Fishery Workers
1744,"Deep Sea Fishery Workers, Other",6223.9900,6153.90,"Skilled Agricultural, Forestry and Fishery Workers",Market-Oriented Skilled Agricultural Workers,"Fishery Workers, Hunters and Trappers",Deep Sea Fishery Workers
1745,Fish Overseer,6224.0500,6159.10,"Skilled Agricultural, Forestry and Fishery Workers",Market-Oriented Skilled Agricultural Workers,"Fishery Workers, Hunters and Trappers",Hunters and Trappers
1746,Fisheries Inspector,6224.0600,6159.20,"Skilled Agricultural, Forestry and Fishery Workers",Market-Oriented Skilled Agricultural Workers,"Fishery Workers, Hunters and Trappers",Hunters and Trappers
1747,"Fieldman, Fish",6224.0700,6159.25,"Skilled Agricultural, Forestry and Fishery Workers",Market-Oriented Skilled Agricultural Workers,"Fishery Workers, Hunters and Trappers",Hunters and Trappers
1748,Yard Officer,6224.0800,6159.30,"Skilled Agricultural, Forestry and Fishery Workers",Market-Oriented Skilled Agricultural Workers,"Fishery Workers, Hunters and Trappers",Hunters and Trappers
1749,Fish Hatcher,6224.0900,6159.35,"Skilled Agricultural, Forestry and Fishery Workers",Market-Oriented Skilled Agricultural Workers,"Fishery Workers, Hunters and Trappers",Hunters and Trappers
1750,Fish Curer,6224.1000,6159.40,"Skilled Agricultural, Forestry and Fishery Workers",Market-Oriented Skilled Agricultural Workers,"Fishery Workers, Hunters and Trappers",Hunters and Trappers
1751,Fish Meal Maker,6224.1100,6159.45,"Skilled Agricultural, Forestry and Fishery Workers",Market-Oriented Skilled Agricultural Workers,"Fishery Workers, Hunters and Trappers",Hunters and Trappers
1752,Rock Pilot,6224.1200,6159.50,"Skilled Agricultural, Forestry and Fishery Workers",Market-Oriented Skilled Agricultural Workers,"Fishery Workers, Hunters and Trappers",Hunters and Trappers
1753,Man Duck,6224.1300,6159.55,"Skilled Agricultural, Forestry and Fishery Workers",Market-Oriented Skilled Agricultural Workers,"Fishery Workers, Hunters and Trappers",Hunters and Trappers
1754,Net Maker,6224.1400,6159.60,"Skilled Agricultural, Forestry and Fishery Workers",Market-Oriented Skilled Agricultural Workers,"Fishery Workers, Hunters and Trappers",Hunters and Trappers
1755,"Hunters and Trappers, Other",6224.9900,6159.90,"Skilled Agricultural, Forestry and Fishery Workers",Market-Oriented Skilled Agricultural Workers,"Fishery Workers, Hunters and Trappers",Hunters and Trappers
1756,Trapper,6224.0300,6154.30,"Skilled Agricultural, Forestry and Fishery Workers",Market-Oriented Skilled Agricultural Workers,"Fishery Workers, Hunters and Trappers",Hunters and Trappers
1757,Tracker,6224.0400,6154.40,"Skilled Agricultural, Forestry and Fishery Workers",Market-Oriented Skilled Agricultural Workers,"Fishery Workers, Hunters and Trappers",Hunters and Trappers
1758,Tree Trimmer and Pruner,6310.0100,6200.10,"Skilled Agricultural, Forestry and Fishery Workers","Subsistence Farmers, Fishers, Hunters and Gatherers",Subsistence Crop Farmers,Subsistence Crop Farmers
1759,"Subsistence Crop Farmers, Others",6310.9900,6200.90,"Skilled Agricultural, Forestry and Fishery Workers","Subsistence Farmers, Fishers, Hunters and Gatherers",Subsistence Crop Farmers,Subsistence Crop Farmers
1760,Hut Maker,7111.0100,7121.10,Craft and Related Trades Workers,Building and Related Trade Workers (Excluding Electricians),Building Finishers and Related Trades Workers,House Builders
1761,Thatcher,7111.0200,7121.20,Craft and Related Trades Workers,Building and Related Trade Workers (Excluding Electricians),Building Finishers and Related Trades Workers,House Builders
1762,"Builders, Traditional Materials, Other",7111.9900,7121.90,Craft and Related Trades Workers,Building and Related Trade Workers (Excluding Electricians),Building Finishers and Related Trades Workers,House Builders
1763,Stone Mason,7112.0100,7122.10,Craft and Related Trades Workers,Building and Related Trade Workers (Excluding Electricians),Building Finishers and Related Trades Workers,Bricklayers and Related Workers
1764,"Bricklayerer, Construction",7112.0200,7122.20,Craft and Related Trades Workers,Building and Related Trade Workers (Excluding Electricians),Building Finishers and Related Trades Workers,Bricklayers and Related Workers
1765,Plumbing Mason,7112.0201,,Craft and Related Trades Workers,Building and Related Trade Workers (Excluding Electricians),Building Finishers and Related Trades Workers,Bricklayers and Related Workers
1766,"Bricklayer, Refractory",7112.0300,7122.30,Craft and Related Trades Workers,Building and Related Trade Workers (Excluding Electricians),Building Finishers and Related Trades Workers,Bricklayers and Related Workers
1767,Paviour,7112.0400,7122.40,Craft and Related Trades Workers,Building and Related Trade Workers (Excluding Electricians),Building Finishers and Related Trades Workers,Bricklayers and Related Workers
1768,Tar Supervisor,7112.0500,7122.50,Craft and Related Trades Workers,Building and Related Trade Workers (Excluding Electricians),Building Finishers and Related Trades Workers,Bricklayers and Related Workers
1769,Assistant Mason,7112.0601,,Craft and Related Trades Workers,Building and Related Trade Workers (Excluding Electricians),Building Finishers and Related Trades Workers,Bricklayers and Related Workers
1770,"Bricklayerers, Other",7112.9900,7122.90,Craft and Related Trades Workers,Building and Related Trade Workers (Excluding Electricians),Building Finishers and Related Trades Workers,Bricklayers and Related Workers
1771,"Stone Cutter, Hand",7113.0200,7113.20,Craft and Related Trades Workers,Building and Related Trade Workers (Excluding Electricians),Building Finishers and Related Trades Workers,"Stonemasons, Stone Cutters, Splitters and Carvers"
1772,"Stone Dresser, Hand",7113.0300,7113.30,Craft and Related Trades Workers,Building and Related Trade Workers (Excluding Electricians),Building Finishers and Related Trades Workers,"Stonemasons, Stone Cutters, Splitters and Carvers"
1773,Stone Carver,7113.0400,7113.40,Craft and Related Trades Workers,Building and Related Trade Workers (Excluding Electricians),Building Finishers and Related Trades Workers,"Stonemasons, Stone Cutters, Splitters and Carvers"
1774,"Stone Polisher, Hand",7113.0500,7113.50,Craft and Related Trades Workers,Building and Related Trade Workers (Excluding Electricians),Building Finishers and Related Trades Workers,"Stonemasons, Stone Cutters, Splitters and Carvers"
1775,"Stone Splitters, Cutters and Carvers, Other",7113.9900,7113.90,Craft and Related Trades Workers,Building and Related Trade Workers (Excluding Electricians),Building Finishers and Related Trades Workers,"Stonemasons, Stone Cutters, Splitters and Carvers"
1776,Concrete Moulder,7114.0100,7123.10,Craft and Related Trades Workers,Building and Related Trade Workers (Excluding Electricians),Building Finishers and Related Trades Workers,"Concrete Placers, Concrete Finishers and Related Workers"
1777,Cement Finisher,7114.0200,7123.20,Craft and Related Trades Workers,Building and Related Trade Workers (Excluding Electricians),Building Finishers and Related Trades Workers,"Concrete Placers, Concrete Finishers and Related Workers"
1778,"Concrete Placers, Concrete Finishers and Related Workers, Other",7114.9900,7123.90,Craft and Related Trades Workers,Building and Related Trade Workers (Excluding Electricians),Building Finishers and Related Trades Workers,"Concrete Placers, Concrete Finishers and Related Workers"
1779,"Carpenter, General",7115.0100,7124.10,Craft and Related Trades Workers,Building and Related Trade Workers (Excluding Electricians),Building Finishers and Related Trades Workers,Carpenters and Joiners
1780,"Carpenter, Construction",7115.0200,7124.20,Craft and Related Trades Workers,Building and Related Trade Workers (Excluding Electricians),Building Finishers and Related Trades Workers,Carpenters and Joiners
1781,Assistant Shuttering Carpenter,7115.0201,,Craft and Related Trades Workers,Building and Related Trade Workers (Excluding Electricians),Building Finishers and Related Trades Workers,Carpenters and Joiners
1782,"Carpenter, Structural",7115.0300,7124.25,Craft and Related Trades Workers,Building and Related Trade Workers (Excluding Electricians),Building Finishers and Related Trades Workers,Carpenters and Joiners
1783,"Carpenter, Village",7115.0400,7124.30,Craft and Related Trades Workers,Building and Related Trade Workers (Excluding Electricians),Building Finishers and Related Trades Workers,Carpenters and Joiners
1784,"Joiner, Wood",7115.0500,7124.35,Craft and Related Trades Workers,Building and Related Trade Workers (Excluding Electricians),Building Finishers and Related Trades Workers,Carpenters and Joiners
1785,"Loftsman, Ship Building",7115.0600,7124.40,Craft and Related Trades Workers,Building and Related Trade Workers (Excluding Electricians),Building Finishers and Related Trades Workers,Carpenters and Joiners
1786,Shipwright,7115.0700,7124.45,Craft and Related Trades Workers,Building and Related Trade Workers (Excluding Electricians),Building Finishers and Related Trades Workers,Carpenters and Joiners
1787,"Lascar Stager, Ship Building",7115.0800,7124.50,Craft and Related Trades Workers,Building and Related Trade Workers (Excluding Electricians),Building Finishers and Related Trades Workers,Carpenters and Joiners
1788,"Carpenter Worker, Boat Building",7115.1100,7124.65,Craft and Related Trades Workers,Building and Related Trade Workers (Excluding Electricians),Building Finishers and Related Trades Workers,Carpenters and Joiners
1789,"Carpenter, Boat Building",7115.1200,7124.70,Craft and Related Trades Workers,Building and Related Trade Workers (Excluding Electricians),Building Finishers and Related Trades Workers,Carpenters and Joiners
1790,"Caulker, Boat Building",7115.1300,7124.75,Craft and Related Trades Workers,Building and Related Trade Workers (Excluding Electricians),Building Finishers and Related Trades Workers,Carpenters and Joiners
1791,"Carpenters and Joiners Operatives, Other",7115.9900,7124.90,Craft and Related Trades Workers,Building and Related Trade Workers (Excluding Electricians),Building Finishers and Related Trades Workers,Carpenters and Joiners
1792,"Building Frame and Related Trades Workers, Other",7119.9900,7129.90,Craft and Related Trades Workers,Building and Related Trade Workers (Excluding Electricians),Building Finishers and Related Trades Workers,Building Frame and Related Traders Workers Not Elsewhere Classified
1793,Well Digger,7119.0100,7129.10,Craft and Related Trades Workers,Building and Related Trade Workers (Excluding Electricians),Building Finishers and Related Trades Workers,Building Frame and Related Traders Workers Not Elsewhere Classified
1794,White Washer,7119.0200,7129.20,Craft and Related Trades Workers,Building and Related Trade Workers (Excluding Electricians),Building Finishers and Related Trades Workers,Building Frame and Related Traders Workers Not Elsewhere Classified
1795,Assistant Scaffolder,7119.0301,,Craft and Related Trades Workers,Building and Related Trade Workers (Excluding Electricians),Building Finishers and Related Trades Workers,Building Frame and Related Traders Workers Not Elsewhere Classified
1796,"Tile Layer, Roof",7121.0100,7131.10,Craft and Related Trades Workers,Building and Related Trade Workers (Excluding Electricians),Building Finishers and Related Trades Workers,Roofers
1797,"Roofers, Other",7121.9900,7131.90,Craft and Related Trades Workers,Building and Related Trade Workers (Excluding Electricians),Building Finishers and Related Trades Workers,Roofers
1798,Tile Setter,7122.0100,7132.10,Craft and Related Trades Workers,Building and Related Trade Workers (Excluding Electricians),Building Finishers and Related Trades Workers,Floor Layers and Tile Setters
1799,Concrete Mixer (Mosaic Tile),7122.0200,7132.20,Craft and Related Trades Workers,Building and Related Trade Workers (Excluding Electricians),Building Finishers and Related Trades Workers,Floor Layers and Tile Setters
1800,Tile Presser (Mosaic),7122.0300,7132.30,Craft and Related Trades Workers,Building and Related Trade Workers (Excluding Electricians),Building Finishers and Related Trades Workers,Floor Layers and Tile Setters
1801,Planer (Mosaic Tile),7122.0400,7132.40,Craft and Related Trades Workers,Building and Related Trade Workers (Excluding Electricians),Building Finishers and Related Trades Workers,Floor Layers and Tile Setters
1802,Mosaic Layer,7122.0500,7132.50,Craft and Related Trades Workers,Building and Related Trade Workers (Excluding Electricians),Building Finishers and Related Trades Workers,Floor Layers and Tile Setters
1803,Parquetry Floor Layer,7122.0600,7132.60,Craft and Related Trades Workers,Building and Related Trade Workers (Excluding Electricians),Building Finishers and Related Trades Workers,Floor Layers and Tile Setters
1804,"Floor Layers and Tile Setters, Other",7122.9900,7132.90,Craft and Related Trades Workers,Building and Related Trade Workers (Excluding Electricians),Building Finishers and Related Trades Workers,Floor Layers and Tile Setters
1805,Plasterer,7123.0100,7133.10,Craft and Related Trades Workers,Building and Related Trade Workers (Excluding Electricians),Building Finishers and Related Trades Workers,Plasterers
1806,"Plasterers, Other",7123.9900,7133.90,Craft and Related Trades Workers,Building and Related Trade Workers (Excluding Electricians),Building Finishers and Related Trades Workers,Plasterers
1807,"Insulation Workers, Other",7124.9900,7134.90,Craft and Related Trades Workers,Building and Related Trade Workers (Excluding Electricians),Building Finishers and Related Trades Workers,Insulation Workers
1808,"Building Insulator, Hand",7124.0100,7134.10,Craft and Related Trades Workers,Building and Related Trade Workers (Excluding Electricians),Building Finishers and Related Trades Workers,Insulation Workers
1809,Acoustical Insulator,7124.0200,7134.20,Craft and Related Trades Workers,Building and Related Trade Workers (Excluding Electricians),Building Finishers and Related Trades Workers,Insulation Workers
1810,"Insulator, Boilers and Pipes",7124.0300,7134.30,Craft and Related Trades Workers,Building and Related Trade Workers (Excluding Electricians),Building Finishers and Related Trades Workers,Insulation Workers
1811,"Insulator, Refrigeration and AirConditioning Equipment",7124.0400,7134.40,Craft and Related Trades Workers,Building and Related Trade Workers (Excluding Electricians),Building Finishers and Related Trades Workers,Insulation Workers
1812,Glazier (Construction),7125.0100,7135.10,Craft and Related Trades Workers,Building and Related Trade Workers (Excluding Electricians),Building Finishers and Related Trades Workers,Glaziers
1813,"Glazier, Vehicle",7125.0200,7135.20,Craft and Related Trades Workers,Building and Related Trade Workers (Excluding Electricians),Building Finishers and Related Trades Workers,Glaziers
1814,Picture Framer,7125.0300,7135.30,Craft and Related Trades Workers,Building and Related Trade Workers (Excluding Electricians),Building Finishers and Related Trades Workers,Glaziers
1815,"Glaziers, Other",7125.9900,7135.90,Craft and Related Trades Workers,Building and Related Trade Workers (Excluding Electricians),Building Finishers and Related Trades Workers,Glaziers
1816,Pneumatic Chipper,7126.0600,7136.60,Craft and Related Trades Workers,Building and Related Trade Workers (Excluding Electricians),Building Finishers and Related Trades Workers,Plumbers and Pipe Fitters
1817,"Plumbers and Pipe Fitters, Other",7126.9900,7136.90,Craft and Related Trades Workers,Building and Related Trade Workers (Excluding Electricians),Building Finishers and Related Trades Workers,Plumbers and Pipe Fitters
1818,"Plumber, General",7126.0101,7136.10,Craft and Related Trades Workers,Building and Related Trade Workers (Excluding Electricians),Building Finishers and Related Trades Workers,Plumbers and Pipe Fitters
1819,"Plumber, Operations",7126.0102,,Craft and Related Trades Workers,Building and Related Trade Workers (Excluding Electricians),Building Finishers and Related Trades Workers,Plumbers and Pipe Fitters
1820,"Plumber, General – Installation and Repair",7126.0103,,Craft and Related Trades Workers,Building and Related Trade Workers (Excluding Electricians),Building Finishers and Related Trades Workers,Plumbers and Pipe Fitters
1821,"Plumber, General Helper",7126.0104,,Craft and Related Trades Workers,Building and Related Trade Workers (Excluding Electricians),Building Finishers and Related Trades Workers,Plumbers and Pipe Fitters
1822,"Plumber, General Assistant",7126.0105,,Craft and Related Trades Workers,Building and Related Trade Workers (Excluding Electricians),Building Finishers and Related Trades Workers,Plumbers and Pipe Fitters
1823,"Plumber, Maintenance and Servicing Assistant",7126.0106,,Craft and Related Trades Workers,Building and Related Trade Workers (Excluding Electricians),Building Finishers and Related Trades Workers,Plumbers and Pipe Fitters
1824,"Plumber, Maintenance and Servicing",7126.0107,,Craft and Related Trades Workers,Building and Related Trade Workers (Excluding Electricians),Building Finishers and Related Trades Workers,Plumbers and Pipe Fitters
1825,Pipe Layer/Plumber Pipeline,7126.0201,7136.20,Craft and Related Trades Workers,Building and Related Trade Workers (Excluding Electricians),Building Finishers and Related Trades Workers,Plumbers and Pipe Fitters
1826,Pipe Fitter,7126.0301,7136.30,Craft and Related Trades Workers,Building and Related Trade Workers (Excluding Electricians),Building Finishers and Related Trades Workers,Plumbers and Pipe Fitters
1827,Straightening Machine Operator (Iron & Steel),7126.0400,7136.40,Craft and Related Trades Workers,Building and Related Trade Workers (Excluding Electricians),Building Finishers and Related Trades Workers,Plumbers and Pipe Fitters
1828,"Puncher, Metal",7126.0500,7136.50,Craft and Related Trades Workers,Building and Related Trade Workers (Excluding Electricians),Building Finishers and Related Trades Workers,Plumbers and Pipe Fitters
1829,"Mechanic, Refrigeration and AirConditioning",7127.0100,7233.50,Craft and Related Trades Workers,Building and Related Trade Workers (Excluding Electricians),Building Finishers and Related Trades Workers,Air-Conditioning and Refrigeration Mechanics
1830,"Painter, Building",7131.0100,7141.10,Craft and Related Trades Workers,Building and Related Trade Workers (Excluding Electricians),"Painters, Builders, Structure Cleaners and Related Trades Workers",Painters and Related Workers
1831,Assistant Painter and Decorator,7131.0101,,Craft and Related Trades Workers,Building and Related Trade Workers (Excluding Electricians),"Painters, Builders, Structure Cleaners and Related Trades Workers",Painters and Related Workers
1832,"Painter, Steel Structure",7131.0200,7141.20,Craft and Related Trades Workers,Building and Related Trade Workers (Excluding Electricians),"Painters, Builders, Structure Cleaners and Related Trades Workers",Painters and Related Workers
1833,"Painter, Industrial",7131.0300,7141.25,Craft and Related Trades Workers,Building and Related Trade Workers (Excluding Electricians),"Painters, Builders, Structure Cleaners and Related Trades Workers",Painters and Related Workers
1834,Paper Hanger/Wallpaper Fixer/Decorator,7131.0500,7141.40,Craft and Related Trades Workers,Building and Related Trade Workers (Excluding Electricians),"Painters, Builders, Structure Cleaners and Related Trades Workers",Painters and Related Workers
1835,"Painters and Related Workers, Other",7131.9900,7141.90,Craft and Related Trades Workers,Building and Related Trade Workers (Excluding Electricians),"Painters, Builders, Structure Cleaners and Related Trades Workers",Painters and Related Workers
1836,"Painter, Sign and Letter",7132.0400,7142.30,Craft and Related Trades Workers,Building and Related Trade Workers (Excluding Electricians),"Painters, Builders, Structure Cleaners and Related Trades Workers",Spray Painters and Varnishers
1837,"Painter, Brush",7132.0500,7142.40,Craft and Related Trades Workers,Building and Related Trade Workers (Excluding Electricians),"Painters, Builders, Structure Cleaners and Related Trades Workers",Spray Painters and Varnishers
1838,"Painter, Wood Work and Furniture",7132.0600,7142.50,Craft and Related Trades Workers,Building and Related Trade Workers (Excluding Electricians),"Painters, Builders, Structure Cleaners and Related Trades Workers",Spray Painters and Varnishers
1839,"Painter, Glass",7132.0700,7142.60,Craft and Related Trades Workers,Building and Related Trade Workers (Excluding Electricians),"Painters, Builders, Structure Cleaners and Related Trades Workers",Spray Painters and Varnishers
1840,"Painter, Mate",7132.0900,7142.80,Craft and Related Trades Workers,Building and Related Trade Workers (Excluding Electricians),"Painters, Builders, Structure Cleaners and Related Trades Workers",Spray Painters and Varnishers
1841,Automotive Paint Shop Assistant,7132.0901,,Craft and Related Trades Workers,Building and Related Trade Workers (Excluding Electricians),"Painters, Builders, Structure Cleaners and Related Trades Workers",Spray Painters and Varnishers
1842,"Varnishers and Related Workers, Other",7132.9900,7142.90,Craft and Related Trades Workers,Building and Related Trade Workers (Excluding Electricians),"Painters, Builders, Structure Cleaners and Related Trades Workers",Spray Painters and Varnishers
1843,"Painter, General",7132.0100,7142.10,Craft and Related Trades Workers,Building and Related Trade Workers (Excluding Electricians),"Painters, Builders, Structure Cleaners and Related Trades Workers",Spray Painters and Varnishers
1844,"Painter, Spray/Painting Technician (Spray Painting)",7132.0201,7142.20,Craft and Related Trades Workers,Building and Related Trade Workers (Excluding Electricians),"Painters, Builders, Structure Cleaners and Related Trades Workers",Spray Painters and Varnishers
1845,Auto Spray Painter/Painter,7132.0202,,Craft and Related Trades Workers,Building and Related Trade Workers (Excluding Electricians),"Painters, Builders, Structure Cleaners and Related Trades Workers",Spray Painters and Varnishers
1846,Auto Body Painting Technician – Surface Treatment,7132.0203,,Craft and Related Trades Workers,Building and Related Trade Workers (Excluding Electricians),"Painters, Builders, Structure Cleaners and Related Trades Workers",Spray Painters and Varnishers
1847,Automotive Body Painting Technician,7132.0204,,Craft and Related Trades Workers,Building and Related Trade Workers (Excluding Electricians),"Painters, Builders, Structure Cleaners and Related Trades Workers",Spray Painters and Varnishers
1848,Auto Spray Painter Assistant/Painter,7132.0205,,Craft and Related Trades Workers,Building and Related Trade Workers (Excluding Electricians),"Painters, Builders, Structure Cleaners and Related Trades Workers",Spray Painters and Varnishers
1849,Metal Sprayer,7132.0300,7142.25,Craft and Related Trades Workers,Building and Related Trade Workers (Excluding Electricians),"Painters, Builders, Structure Cleaners and Related Trades Workers",Spray Painters and Varnishers
1850,"Metal Moulders and Core Makers, Other",7211.9900,7211.90,Craft and Related Trades Workers,"Metal, Machinery and Related Trades Workers","Sheet and Structural Metal Workers, Moulders and Welders, and Related Workers",Metal Moulders and Core Makers
1851,"Moulder, General",7211.0100,7211.10,Craft and Related Trades Workers,"Metal, Machinery and Related Trades Workers","Sheet and Structural Metal Workers, Moulders and Welders, and Related Workers",Metal Moulders and Core Makers
1852,Press Shop Operator,7211.0101,,Craft and Related Trades Workers,"Metal, Machinery and Related Trades Workers","Sheet and Structural Metal Workers, Moulders and Welders, and Related Workers",Metal Moulders and Core Makers
1853,Press Shop Assistant/Helper,7211.0102,,Craft and Related Trades Workers,"Metal, Machinery and Related Trades Workers","Sheet and Structural Metal Workers, Moulders and Welders, and Related Workers",Metal Moulders and Core Makers
1854,"Moulder, Machine",7211.0200,7211.20,Craft and Related Trades Workers,"Metal, Machinery and Related Trades Workers","Sheet and Structural Metal Workers, Moulders and Welders, and Related Workers",Metal Moulders and Core Makers
1855,Casting Technician – Sand Moulding,7211.0201,,Craft and Related Trades Workers,"Metal, Machinery and Related Trades Workers","Sheet and Structural Metal Workers, Moulders and Welders, and Related Workers",Metal Moulders and Core Makers
1856,"Moulder, Vertical Pipe",7211.0300,7211.30,Craft and Related Trades Workers,"Metal, Machinery and Related Trades Workers","Sheet and Structural Metal Workers, Moulders and Welders, and Related Workers",Metal Moulders and Core Makers
1857,"Rammer, Vertical Pipe Moulding",7211.0400,7211.40,Craft and Related Trades Workers,"Metal, Machinery and Related Trades Workers","Sheet and Structural Metal Workers, Moulders and Welders, and Related Workers",Metal Moulders and Core Makers
1858,"Core Maker, Moulding (Hand)",7211.0500,7211.50,Craft and Related Trades Workers,"Metal, Machinery and Related Trades Workers","Sheet and Structural Metal Workers, Moulders and Welders, and Related Workers",Metal Moulders and Core Makers
1859,"Core Maker, Vertical Pipe",7211.0600,7211.60,Craft and Related Trades Workers,"Metal, Machinery and Related Trades Workers","Sheet and Structural Metal Workers, Moulders and Welders, and Related Workers",Metal Moulders and Core Makers
1860,"Welder, Resistance",7212.0700,7212.65,Craft and Related Trades Workers,"Metal, Machinery and Related Trades Workers","Sheet and Structural Metal Workers, Moulders and Welders, and Related Workers",Welders and Flame Cutters
1861,"Welder, Gas",7212.0100,7212.10,Craft and Related Trades Workers,"Metal, Machinery and Related Trades Workers","Sheet and Structural Metal Workers, Moulders and Welders, and Related Workers",Welders and Flame Cutters
1862,Welding Assistant,7212.0801,,Craft and Related Trades Workers,"Metal, Machinery and Related Trades Workers","Sheet and Structural Metal Workers, Moulders and Welders, and Related Workers",Welders and Flame Cutters
1863,Plumber (Welder)/Plumbing (Sanitary Fixtures) Fitter Assistant,7212.0101,,Craft and Related Trades Workers,"Metal, Machinery and Related Trades Workers","Sheet and Structural Metal Workers, Moulders and Welders, and Related Workers",Welders and Flame Cutters
1864,"Welders and Flame Cutters, Other",7212.9900,7212.90,Craft and Related Trades Workers,"Metal, Machinery and Related Trades Workers","Sheet and Structural Metal Workers, Moulders and Welders, and Related Workers",Welders and Flame Cutters
1865,Plumber (Welder) Assistant,7212.0102,,Craft and Related Trades Workers,"Metal, Machinery and Related Trades Workers","Sheet and Structural Metal Workers, Moulders and Welders, and Related Workers",Welders and Flame Cutters
1866,Tungsten Inert Gas Welder,7212.0105,,Craft and Related Trades Workers,"Metal, Machinery and Related Trades Workers","Sheet and Structural Metal Workers, Moulders and Welders, and Related Workers",Welders and Flame Cutters
1867,Repair Welder,7212.0111,,Craft and Related Trades Workers,"Metal, Machinery and Related Trades Workers","Sheet and Structural Metal Workers, Moulders and Welders, and Related Workers",Welders and Flame Cutters
1868,"Welder, Electric",7212.0200,7212.20,Craft and Related Trades Workers,"Metal, Machinery and Related Trades Workers","Sheet and Structural Metal Workers, Moulders and Welders, and Related Workers",Welders and Flame Cutters
1869,"Welder, Machine",7212.0300,7212.30,Craft and Related Trades Workers,"Metal, Machinery and Related Trades Workers","Sheet and Structural Metal Workers, Moulders and Welders, and Related Workers",Welders and Flame Cutters
1870,Welder,7212.0301,,Craft and Related Trades Workers,"Metal, Machinery and Related Trades Workers","Sheet and Structural Metal Workers, Moulders and Welders, and Related Workers",Welders and Flame Cutters
1871,Welding Technician,7212.0302,,Craft and Related Trades Workers,"Metal, Machinery and Related Trades Workers","Sheet and Structural Metal Workers, Moulders and Welders, and Related Workers",Welders and Flame Cutters
1872,Gas Metal Arc Welder/Metal Inert Gas/Metal Active Gas/Gas Metal Arc Welder (MIG/MAG/GMAW),7212.0303,,Craft and Related Trades Workers,"Metal, Machinery and Related Trades Workers","Sheet and Structural Metal Workers, Moulders and Welders, and Related Workers",Welders and Flame Cutters
1873,Gas Cutter,7212.0400,7212.40,Craft and Related Trades Workers,"Metal, Machinery and Related Trades Workers","Sheet and Structural Metal Workers, Moulders and Welders, and Related Workers",Welders and Flame Cutters
1874,Plasma Cutter – Manual,7212.0402,,Craft and Related Trades Workers,"Metal, Machinery and Related Trades Workers","Sheet and Structural Metal Workers, Moulders and Welders, and Related Workers",Welders and Flame Cutters
1875,Brazer,7212.0500,7212.50,Craft and Related Trades Workers,"Metal, Machinery and Related Trades Workers","Sheet and Structural Metal Workers, Moulders and Welders, and Related Workers",Welders and Flame Cutters
1876,Soldering and Brazing Operator,7212.0501,,Craft and Related Trades Workers,"Metal, Machinery and Related Trades Workers","Sheet and Structural Metal Workers, Moulders and Welders, and Related Workers",Welders and Flame Cutters
1877,Lead Burner,7212.0600,7212.60,Craft and Related Trades Workers,"Metal, Machinery and Related Trades Workers","Sheet and Structural Metal Workers, Moulders and Welders, and Related Workers",Welders and Flame Cutters
1878,"Sheet Metal Worker, General/Sheet Metal Worker – Hand Tools and Manually Operated Machines",7213.0101,7213.10,Craft and Related Trades Workers,"Metal, Machinery and Related Trades Workers","Sheet and Structural Metal Workers, Moulders and Welders, and Related Workers",Sheet Metal Workers
1879,"Sheet Metal Worker, Structural",7213.0200,7213.20,Craft and Related Trades Workers,"Metal, Machinery and Related Trades Workers","Sheet and Structural Metal Workers, Moulders and Welders, and Related Workers",Sheet Metal Workers
1880,Auto Engine Repair Technician,7213.0201,,Craft and Related Trades Workers,"Metal, Machinery and Related Trades Workers","Sheet and Structural Metal Workers, Moulders and Welders, and Related Workers",Sheet Metal Workers
1881,Dent Remover/Auto Body Repair Technician/ Denter,7213.0301,7213.30,Craft and Related Trades Workers,"Metal, Machinery and Related Trades Workers","Sheet and Structural Metal Workers, Moulders and Welders, and Related Workers",Sheet Metal Workers
1882,Auto Body Technician/Denter,7213.0302,,Craft and Related Trades Workers,"Metal, Machinery and Related Trades Workers","Sheet and Structural Metal Workers, Moulders and Welders, and Related Workers",Sheet Metal Workers
1883,Tinsmith/Whitesmith,7213.0400,7213.40,Craft and Related Trades Workers,"Metal, Machinery and Related Trades Workers","Sheet and Structural Metal Workers, Moulders and Welders, and Related Workers",Sheet Metal Workers
1884,Tin Coater,7213.0500,7213.50,Craft and Related Trades Workers,"Metal, Machinery and Related Trades Workers","Sheet and Structural Metal Workers, Moulders and Welders, and Related Workers",Sheet Metal Workers
1885,Machine Feeder and Off-Bearer,7213.0600,7213.60,Craft and Related Trades Workers,"Metal, Machinery and Related Trades Workers","Sheet and Structural Metal Workers, Moulders and Welders, and Related Workers",Sheet Metal Workers
1886,"Sheet Metal Workers, Other",7213.9900,7213.90,Craft and Related Trades Workers,"Metal, Machinery and Related Trades Workers","Sheet and Structural Metal Workers, Moulders and Welders, and Related Workers",Sheet Metal Workers
1887,"Fitter, Structural",7214.0700,7214.65,Craft and Related Trades Workers,"Metal, Machinery and Related Trades Workers","Sheet and Structural Metal Workers, Moulders and Welders, and Related Workers",Structural Metal Preparers and Erectors
1888,"Fitter, Construction",7214.0800,7214.70,Craft and Related Trades Workers,"Metal, Machinery and Related Trades Workers","Sheet and Structural Metal Workers, Moulders and Welders, and Related Workers",Structural Metal Preparers and Erectors
1889,Riveter,7214.0900,7214.80,Craft and Related Trades Workers,"Metal, Machinery and Related Trades Workers","Sheet and Structural Metal Workers, Moulders and Welders, and Related Workers",Structural Metal Preparers and Erectors
1890,Riveter (Railroad Equipment),7214.1000,7214.82,Craft and Related Trades Workers,"Metal, Machinery and Related Trades Workers","Sheet and Structural Metal Workers, Moulders and Welders, and Related Workers",Structural Metal Preparers and Erectors
1891,Assistant Bar Bender and Fixer,7214.1101,,Craft and Related Trades Workers,"Metal, Machinery and Related Trades Workers","Sheet and Structural Metal Workers, Moulders and Welders, and Related Workers",Structural Metal Preparers and Erectors
1892,"Structural Metal Prepares and Erectors, Other",7214.9900,7214.90,Craft and Related Trades Workers,"Metal, Machinery and Related Trades Workers","Sheet and Structural Metal Workers, Moulders and Welders, and Related Workers",Structural Metal Preparers and Erectors
1893,Boiler Fitter,7214.0300,7214.30,Craft and Related Trades Workers,"Metal, Machinery and Related Trades Workers","Sheet and Structural Metal Workers, Moulders and Welders, and Related Workers",Structural Metal Preparers and Erectors
1894,"Tubesmith, Boiler",7214.0400,7214.40,Craft and Related Trades Workers,"Metal, Machinery and Related Trades Workers","Sheet and Structural Metal Workers, Moulders and Welders, and Related Workers",Structural Metal Preparers and Erectors
1895,Boiler Maker,7214.0500,7214.50,Craft and Related Trades Workers,"Metal, Machinery and Related Trades Workers","Sheet and Structural Metal Workers, Moulders and Welders, and Related Workers",Structural Metal Preparers and Erectors
1896,"Erector, Structural",7214.0600,7214.60,Craft and Related Trades Workers,"Metal, Machinery and Related Trades Workers","Sheet and Structural Metal Workers, Moulders and Welders, and Related Workers",Structural Metal Preparers and Erectors
1897,Rigger,7215.0100,7215.10,Craft and Related Trades Workers,"Metal, Machinery and Related Trades Workers","Sheet and Structural Metal Workers, Moulders and Welders, and Related Workers",Riggers and Cable Splicers
1898,Rigger: Rigging of Heavy Material,7215.0101,,Craft and Related Trades Workers,"Metal, Machinery and Related Trades Workers","Sheet and Structural Metal Workers, Moulders and Welders, and Related Workers",Riggers and Cable Splicers
1899,Slinger,7215.0200,7215.20,Craft and Related Trades Workers,"Metal, Machinery and Related Trades Workers","Sheet and Structural Metal Workers, Moulders and Welders, and Related Workers",Riggers and Cable Splicers
1900,Splicer (Rope and Cables),7215.0300,7215.30,Craft and Related Trades Workers,"Metal, Machinery and Related Trades Workers","Sheet and Structural Metal Workers, Moulders and Welders, and Related Workers",Riggers and Cable Splicers
1901,"Riggers and Cable Splicers, Other",7215.9900,7215.90,Craft and Related Trades Workers,"Metal, Machinery and Related Trades Workers","Sheet and Structural Metal Workers, Moulders and Welders, and Related Workers",Riggers and Cable Splicers
1902,Stamper/Forging Operator,7221.0500,7221.50,Craft and Related Trades Workers,"Metal, Machinery and Related Trades Workers","Blacksmiths, Tool Makers and Related Trades Workers","Blacksmiths, Hammersmith and Forging Press Workers"
1903,Farrier,7221.0600,7221.60,Craft and Related Trades Workers,"Metal, Machinery and Related Trades Workers","Blacksmiths, Tool Makers and Related Trades Workers","Blacksmiths, Hammersmith and Forging Press Workers"
1904,Wire Drawer/Wire Drawing Machine Operator,7221.0700,7221.70,Craft and Related Trades Workers,"Metal, Machinery and Related Trades Workers","Blacksmiths, Tool Makers and Related Trades Workers","Blacksmiths, Hammersmith and Forging Press Workers"
1905,Metal Spinner/Metal spinning Machine Operator,7221.0800,7221.80,Craft and Related Trades Workers,"Metal, Machinery and Related Trades Workers","Blacksmiths, Tool Makers and Related Trades Workers","Blacksmiths, Hammersmith and Forging Press Workers"
1906,"Blacksmiths, Hammersmith and Forging Press Workers, Other",7221.9900,7221.90,Craft and Related Trades Workers,"Metal, Machinery and Related Trades Workers","Blacksmiths, Tool Makers and Related Trades Workers","Blacksmiths, Hammersmith and Forging Press Workers"
1907,Tool Makers and Related Workers,7222,,Craft and Related Trades Workers,"Metal, Machinery and Related Trades Workers","Blacksmiths, Tool Makers and Related Trades Workers","Blacksmiths, Hammersmith and Forging Press Workers"
1908,Blacksmith,7221.0100,7221.10,Craft and Related Trades Workers,"Metal, Machinery and Related Trades Workers","Blacksmiths, Tool Makers and Related Trades Workers","Blacksmiths, Hammersmith and Forging Press Workers"
1909,Village Blacksmith,7221.0200,7221.20,Craft and Related Trades Workers,"Metal, Machinery and Related Trades Workers","Blacksmiths, Tool Makers and Related Trades Workers","Blacksmiths, Hammersmith and Forging Press Workers"
1910,Power Hammer Operator,7221.0300,7221.30,Craft and Related Trades Workers,"Metal, Machinery and Related Trades Workers","Blacksmiths, Tool Makers and Related Trades Workers","Blacksmiths, Hammersmith and Forging Press Workers"
1911,Forging Operator,7221.0301,,Craft and Related Trades Workers,"Metal, Machinery and Related Trades Workers","Blacksmiths, Tool Makers and Related Trades Workers","Blacksmiths, Hammersmith and Forging Press Workers"
1912,Hammer Man,7221.0400,7221.40,Craft and Related Trades Workers,"Metal, Machinery and Related Trades Workers","Blacksmiths, Tool Makers and Related Trades Workers","Blacksmiths, Hammersmith and Forging Press Workers"
1913,Tool Maker,7222.20,7222.0200,Craft and Related Trades Workers,"Metal, Machinery and Related Trades Workers","Blacksmiths, Tool Makers and Related Trades Workers","Marker, Metal"
1914,Jig and Fixture Marker,7222.0300,7222.30,Craft and Related Trades Workers,"Metal, Machinery and Related Trades Workers","Blacksmiths, Tool Makers and Related Trades Workers","Marker, Metal"
1915,Jig Borer,7222.0400,7222.40,Craft and Related Trades Workers,"Metal, Machinery and Related Trades Workers","Blacksmiths, Tool Makers and Related Trades Workers","Marker, Metal"
1916,Die Maker,7222.0500,7222.50,Craft and Related Trades Workers,"Metal, Machinery and Related Trades Workers","Blacksmiths, Tool Makers and Related Trades Workers","Marker, Metal"
1917,"Die Sinker, Hand",7222.0600,7222.60,Craft and Related Trades Workers,"Metal, Machinery and Related Trades Workers","Blacksmiths, Tool Makers and Related Trades Workers","Marker, Metal"
1918,Locksmith,7222.0700,7222.70,Craft and Related Trades Workers,"Metal, Machinery and Related Trades Workers","Blacksmiths, Tool Makers and Related Trades Workers","Marker, Metal"
1919,"Pattern Marker, Metal Foundry",7222.0800,7222.80,Craft and Related Trades Workers,"Metal, Machinery and Related Trades Workers","Blacksmiths, Tool Makers and Related Trades Workers","Marker, Metal"
1920,Armourer,7222.0900,7222.85,Craft and Related Trades Workers,"Metal, Machinery and Related Trades Workers","Blacksmiths, Tool Makers and Related Trades Workers","Marker, Metal"
1921,"Tool Makers and Related Workers, Other",7222.9900,7222.90,Craft and Related Trades Workers,"Metal, Machinery and Related Trades Workers","Blacksmiths, Tool Makers and Related Trades Workers","Marker, Metal"
1922,"Tool Setter, Press",7223.0200,7223.20,Craft and Related Trades Workers,"Metal, Machinery and Related Trades Workers","Blacksmiths, Tool Makers and Related Trades Workers",Metal Working Machine Tool Setters and Operators
1923,Heavy Duty End Mill Operator,7223.1400,8211.34,Craft and Related Trades Workers,"Metal, Machinery and Related Trades Workers","Blacksmiths, Tool Makers and Related Trades Workers",Metal Working Machine Tool Setters and Operators
1924,Metal Stamper,7223.3000,8211.80,Craft and Related Trades Workers,"Metal, Machinery and Related Trades Workers","Blacksmiths, Tool Makers and Related Trades Workers",Metal Working Machine Tool Setters and Operators
1925,"Setter, Drop Forging Machine",7223.0300,7223.30,Craft and Related Trades Workers,"Metal, Machinery and Related Trades Workers","Blacksmiths, Tool Makers and Related Trades Workers",Metal Working Machine Tool Setters and Operators
1926,"Driller Metal, General",7223.1500,8211.36,Craft and Related Trades Workers,"Metal, Machinery and Related Trades Workers","Blacksmiths, Tool Makers and Related Trades Workers",Metal Working Machine Tool Setters and Operators
1927,Machining Technician/CNC Operator,7223.5001,,Craft and Related Trades Workers,"Metal, Machinery and Related Trades Workers","Blacksmiths, Tool Makers and Related Trades Workers",Metal Working Machine Tool Setters and Operators
1928,"Setter, Automatic Machine",7223.0400,7223.40,Craft and Related Trades Workers,"Metal, Machinery and Related Trades Workers","Blacksmiths, Tool Makers and Related Trades Workers",Metal Working Machine Tool Setters and Operators
1929,Radial Driller,7223.1600,8211.38,Craft and Related Trades Workers,"Metal, Machinery and Related Trades Workers","Blacksmiths, Tool Makers and Related Trades Workers",Metal Working Machine Tool Setters and Operators
1930,CNC Operator – Machining Technician,7223.5002,,Craft and Related Trades Workers,"Metal, Machinery and Related Trades Workers","Blacksmiths, Tool Makers and Related Trades Workers",Metal Working Machine Tool Setters and Operators
1931,Assembly Line Machine Setter,7223.0401,,Craft and Related Trades Workers,"Metal, Machinery and Related Trades Workers","Blacksmiths, Tool Makers and Related Trades Workers",Metal Working Machine Tool Setters and Operators
1932,Borer/Operator Boring Machine Operator,7223.1701,8211.40,Craft and Related Trades Workers,"Metal, Machinery and Related Trades Workers","Blacksmiths, Tool Makers and Related Trades Workers",Metal Working Machine Tool Setters and Operators
1933,CNC Operator – Machining Technician,7223.5002,,Craft and Related Trades Workers,"Metal, Machinery and Related Trades Workers","Blacksmiths, Tool Makers and Related Trades Workers",Metal Working Machine Tool Setters and Operators
1934,"Mechanist, General/Machinist",7223.0500,8211.10,Craft and Related Trades Workers,"Metal, Machinery and Related Trades Workers","Blacksmiths, Tool Makers and Related Trades Workers",Metal Working Machine Tool Setters and Operators
1935,Cylinder Borer,7223.1800,8211.42,Craft and Related Trades Workers,"Metal, Machinery and Related Trades Workers","Blacksmiths, Tool Makers and Related Trades Workers",Metal Working Machine Tool Setters and Operators
1936,CNC Operator – Machinist,7223.5003,,Craft and Related Trades Workers,"Metal, Machinery and Related Trades Workers","Blacksmiths, Tool Makers and Related Trades Workers",Metal Working Machine Tool Setters and Operators
1937,Machine Shop Master Technician/Setter,7223.0501,,Craft and Related Trades Workers,"Metal, Machinery and Related Trades Workers","Blacksmiths, Tool Makers and Related Trades Workers",Metal Working Machine Tool Setters and Operators
1938,Rifling Machine Operator,7223.1900,8211.44,Craft and Related Trades Workers,"Metal, Machinery and Related Trades Workers","Blacksmiths, Tool Makers and Related Trades Workers",Metal Working Machine Tool Setters and Operators
1939,CNC Operator - Vertical Machining Centre,7223.5004,,Craft and Related Trades Workers,"Metal, Machinery and Related Trades Workers","Blacksmiths, Tool Makers and Related Trades Workers",Metal Working Machine Tool Setters and Operators
1940,Machine Shop Supervisor,7223.0502,,Craft and Related Trades Workers,"Metal, Machinery and Related Trades Workers","Blacksmiths, Tool Makers and Related Trades Workers",Metal Working Machine Tool Setters and Operators
1941,Bending Machine Operator,7223.2000,8211.46,Craft and Related Trades Workers,"Metal, Machinery and Related Trades Workers","Blacksmiths, Tool Makers and Related Trades Workers",Metal Working Machine Tool Setters and Operators
1942,CNC Setter-cum-Operator – Vertical Machining Centre,7223.5005,,Craft and Related Trades Workers,"Metal, Machinery and Related Trades Workers","Blacksmiths, Tool Makers and Related Trades Workers",Metal Working Machine Tool Setters and Operators
1943,Turner/Conventional Turning,7223.0601,8211.15,Craft and Related Trades Workers,"Metal, Machinery and Related Trades Workers","Blacksmiths, Tool Makers and Related Trades Workers",Metal Working Machine Tool Setters and Operators
1944,Glazer,7223.2100,8211.50,Craft and Related Trades Workers,"Metal, Machinery and Related Trades Workers","Blacksmiths, Tool Makers and Related Trades Workers",Metal Working Machine Tool Setters and Operators
1945,CNC Setter-cum-Operator – Turning,7223.6001,,Craft and Related Trades Workers,"Metal, Machinery and Related Trades Workers","Blacksmiths, Tool Makers and Related Trades Workers",Metal Working Machine Tool Setters and Operators
1946,Turret and Capstan Lathe Operator,7223.0700,8211.20,Craft and Related Trades Workers,"Metal, Machinery and Related Trades Workers","Blacksmiths, Tool Makers and Related Trades Workers",Metal Working Machine Tool Setters and Operators
1947,"Grinder, Tool and Cutter",7223.2200,8211.55,Craft and Related Trades Workers,"Metal, Machinery and Related Trades Workers","Blacksmiths, Tool Makers and Related Trades Workers",Metal Working Machine Tool Setters and Operators
1948,CNC Operator – Turning,7223.6002,,Craft and Related Trades Workers,"Metal, Machinery and Related Trades Workers","Blacksmiths, Tool Makers and Related Trades Workers",Metal Working Machine Tool Setters and Operators
1949,Lathe Machinist,7223.0701,,Craft and Related Trades Workers,"Metal, Machinery and Related Trades Workers","Blacksmiths, Tool Makers and Related Trades Workers",Metal Working Machine Tool Setters and Operators
1950,"Power Press Operator, Metal",7223.2300,8211.60,Craft and Related Trades Workers,"Metal, Machinery and Related Trades Workers","Blacksmiths, Tool Makers and Related Trades Workers",Metal Working Machine Tool Setters and Operators
1951,CNC Programmer,7223.6003,,Craft and Related Trades Workers,"Metal, Machinery and Related Trades Workers","Blacksmiths, Tool Makers and Related Trades Workers",Metal Working Machine Tool Setters and Operators
1952,Shaper,7223.0800,8211.22,Craft and Related Trades Workers,"Metal, Machinery and Related Trades Workers","Blacksmiths, Tool Makers and Related Trades Workers",Metal Working Machine Tool Setters and Operators
1953,Sheet Metal Machine Operator,7223.2400,8211.61,Craft and Related Trades Workers,"Metal, Machinery and Related Trades Workers","Blacksmiths, Tool Makers and Related Trades Workers",Metal Working Machine Tool Setters and Operators
1954,"Metal Working Machine Tool Setters and Operators, Others",7223.9900,8211.90,Craft and Related Trades Workers,"Metal, Machinery and Related Trades Workers","Blacksmiths, Tool Makers and Related Trades Workers",Metal Working Machine Tool Setters and Operators
1955,Planer,7223.0900,8211.24,Craft and Related Trades Workers,"Metal, Machinery and Related Trades Workers","Blacksmiths, Tool Makers and Related Trades Workers",Metal Working Machine Tool Setters and Operators
1956,Ball Filling Machine Operator,7223.2500,8211.62,Craft and Related Trades Workers,"Metal, Machinery and Related Trades Workers","Blacksmiths, Tool Makers and Related Trades Workers",Metal Working Machine Tool Setters and Operators
1957,"Planer, Edge",7223.1000,8211.26,Craft and Related Trades Workers,"Metal, Machinery and Related Trades Workers","Blacksmiths, Tool Makers and Related Trades Workers",Metal Working Machine Tool Setters and Operators
1958,Ball Lapping Machine Operator,7223.2600,8211.62,Craft and Related Trades Workers,"Metal, Machinery and Related Trades Workers","Blacksmiths, Tool Makers and Related Trades Workers",Metal Working Machine Tool Setters and Operators
1959,Slotter,7223.1100,8211.28,Craft and Related Trades Workers,"Metal, Machinery and Related Trades Workers","Blacksmiths, Tool Makers and Related Trades Workers",Metal Working Machine Tool Setters and Operators
1960,Dividing Machine Operator,7223.2700,8211.66,Craft and Related Trades Workers,"Metal, Machinery and Related Trades Workers","Blacksmiths, Tool Makers and Related Trades Workers",Metal Working Machine Tool Setters and Operators
1961,Miller/Operator – Conventional Milling,7223.1201,8211.30,Craft and Related Trades Workers,"Metal, Machinery and Related Trades Workers","Blacksmiths, Tool Makers and Related Trades Workers",Metal Working Machine Tool Setters and Operators
1962,Die Copying Machine Operator/Die Sinking Electric Discharge Machine Operator,7223.2800,8211.70,Craft and Related Trades Workers,"Metal, Machinery and Related Trades Workers","Blacksmiths, Tool Makers and Related Trades Workers",Metal Working Machine Tool Setters and Operators
1963,"Tool Setter, General",7223.0100,7223.10,Craft and Related Trades Workers,"Metal, Machinery and Related Trades Workers","Blacksmiths, Tool Makers and Related Trades Workers",Metal Working Machine Tool Setters and Operators
1964,Gear Cutter,7223.1300,8211.32,Craft and Related Trades Workers,"Metal, Machinery and Related Trades Workers","Blacksmiths, Tool Makers and Related Trades Workers",Metal Working Machine Tool Setters and Operators
1965,Profiling Machine Operator,7223.2900,8211.75,Craft and Related Trades Workers,"Metal, Machinery and Related Trades Workers","Blacksmiths, Tool Makers and Related Trades Workers",Metal Working Machine Tool Setters and Operators
1966,Operator – Conventional Surface Grinding Machines,7224.0402,,Craft and Related Trades Workers,"Metal, Machinery and Related Trades Workers","Blacksmiths, Tool Makers and Related Trades Workers","Metal Polishers, Wheel Grinders and Tool Sharpeners"
1967,Roll Grinder,7224.0300,7224.25,Craft and Related Trades Workers,"Metal, Machinery and Related Trades Workers","Blacksmiths, Tool Makers and Related Trades Workers","Metal Polishers, Wheel Grinders and Tool Sharpeners"
1968,Thread Grinder,7224.0500,7224.35,Craft and Related Trades Workers,"Metal, Machinery and Related Trades Workers","Blacksmiths, Tool Makers and Related Trades Workers","Metal Polishers, Wheel Grinders and Tool Sharpeners"
1969,Honer/Honing Machine Operator,7224.0600,7224.40,Craft and Related Trades Workers,"Metal, Machinery and Related Trades Workers","Blacksmiths, Tool Makers and Related Trades Workers","Metal Polishers, Wheel Grinders and Tool Sharpeners"
1970,Lapper,7224.0700,7224.45,Craft and Related Trades Workers,"Metal, Machinery and Related Trades Workers","Blacksmiths, Tool Makers and Related Trades Workers","Metal Polishers, Wheel Grinders and Tool Sharpeners"
1971,Super Finishing Technician,7224.0701,,Craft and Related Trades Workers,"Metal, Machinery and Related Trades Workers","Blacksmiths, Tool Makers and Related Trades Workers","Metal Polishers, Wheel Grinders and Tool Sharpeners"
1972,Polisher,7224.0801,7224.55,Craft and Related Trades Workers,"Metal, Machinery and Related Trades Workers","Blacksmiths, Tool Makers and Related Trades Workers","Metal Polishers, Wheel Grinders and Tool Sharpeners"
1973,"Saw Grinder, Hand",7224.0900,7224.65,Craft and Related Trades Workers,"Metal, Machinery and Related Trades Workers","Blacksmiths, Tool Makers and Related Trades Workers","Metal Polishers, Wheel Grinders and Tool Sharpeners"
1974,Metal Bluer,7224.1100,7224.80,Craft and Related Trades Workers,"Metal, Machinery and Related Trades Workers","Blacksmiths, Tool Makers and Related Trades Workers","Metal Polishers, Wheel Grinders and Tool Sharpeners"
1975,"Metal Wheel Grinder, Polishing and Tool Sharpeners, Other",7224.9900,7224.90,Craft and Related Trades Workers,"Metal, Machinery and Related Trades Workers","Blacksmiths, Tool Makers and Related Trades Workers","Metal Polishers, Wheel Grinders and Tool Sharpeners"
1976,"Grinder, General",7224.0100,7224.10,Craft and Related Trades Workers,"Metal, Machinery and Related Trades Workers","Blacksmiths, Tool Makers and Related Trades Workers","Metal Polishers, Wheel Grinders and Tool Sharpeners"
1977,Fitter – Fabrication,7224.0102,,Craft and Related Trades Workers,"Metal, Machinery and Related Trades Workers","Blacksmiths, Tool Makers and Related Trades Workers","Metal Polishers, Wheel Grinders and Tool Sharpeners"
1978,"Grinder, Crankshaft",7224.0200,7224.20,Craft and Related Trades Workers,"Metal, Machinery and Related Trades Workers","Blacksmiths, Tool Makers and Related Trades Workers","Metal Polishers, Wheel Grinders and Tool Sharpeners"
1979,Surface Grinder,7224.0400,7224.30,Craft and Related Trades Workers,"Metal, Machinery and Related Trades Workers","Blacksmiths, Tool Makers and Related Trades Workers","Metal Polishers, Wheel Grinders and Tool Sharpeners"
1980,Grinder – Hand-Held and Power Tools,7224.0401,,Craft and Related Trades Workers,"Metal, Machinery and Related Trades Workers","Blacksmiths, Tool Makers and Related Trades Workers","Metal Polishers, Wheel Grinders and Tool Sharpeners"
1981,Auto Service Technician – Mechanic,7231.0107,,Craft and Related Trades Workers,"Metal, Machinery and Related Trades Workers",Machinery Mechanics and Repairers,Motor Vehicle Mechanics and Repairers
1982,Auto Service Technician – Helper,7231.0108,,Craft and Related Trades Workers,"Metal, Machinery and Related Trades Workers",Machinery Mechanics and Repairers,Motor Vehicle Mechanics and Repairers
1983,Engine Tester,7231.0200,7231.20,Craft and Related Trades Workers,"Metal, Machinery and Related Trades Workers",Machinery Mechanics and Repairers,Motor Vehicle Mechanics and Repairers
1984,Test Technician,7231.0201,,Craft and Related Trades Workers,"Metal, Machinery and Related Trades Workers",Machinery Mechanics and Repairers,Motor Vehicle Mechanics and Repairers
1985,Tractor Mechanic,7231.0300,7231.30,Craft and Related Trades Workers,"Metal, Machinery and Related Trades Workers",Machinery Mechanics and Repairers,Motor Vehicle Mechanics and Repairers
1986,Fitter Automobile,7231.0400,7231.40,Craft and Related Trades Workers,"Metal, Machinery and Related Trades Workers",Machinery Mechanics and Repairers,Motor Vehicle Mechanics and Repairers
1987,Mechanic Fitter,7231.0401,,Craft and Related Trades Workers,"Metal, Machinery and Related Trades Workers",Machinery Mechanics and Repairers,Motor Vehicle Mechanics and Repairers
1988,"Mechanic, Motor Cycle",7231.0500,7231.50,Craft and Related Trades Workers,"Metal, Machinery and Related Trades Workers",Machinery Mechanics and Repairers,Motor Vehicle Mechanics and Repairers
1989,Auto Service Technician (Two and Three Wheelers),7231.0501,,Craft and Related Trades Workers,"Metal, Machinery and Related Trades Workers",Machinery Mechanics and Repairers,Motor Vehicle Mechanics and Repairers
1990,"Mechanic, Automobile",7231.0100,7231.10,Craft and Related Trades Workers,"Metal, Machinery and Related Trades Workers",Machinery Mechanics and Repairers,Motor Vehicle Mechanics and Repairers
1991,Cleaner Motor Vehicle,7231.0900,7231.60,Craft and Related Trades Workers,"Metal, Machinery and Related Trades Workers",Machinery Mechanics and Repairers,Motor Vehicle Mechanics and Repairers
1992,Maintenance Technician – Service Workshop,7231.0101,,Craft and Related Trades Workers,"Metal, Machinery and Related Trades Workers",Machinery Mechanics and Repairers,Motor Vehicle Mechanics and Repairers
1993,"Motor Vehicle Mechanics, Other",7231.9900,7231.90,Craft and Related Trades Workers,"Metal, Machinery and Related Trades Workers",Machinery Mechanics and Repairers,Motor Vehicle Mechanics and Repairers
1994,AC Specialist,7231.0102,,Craft and Related Trades Workers,"Metal, Machinery and Related Trades Workers",Machinery Mechanics and Repairers,Motor Vehicle Mechanics and Repairers
1995,Automotive Body Technician Level 3,7231.0103,,Craft and Related Trades Workers,"Metal, Machinery and Related Trades Workers",Machinery Mechanics and Repairers,Motor Vehicle Mechanics and Repairers
1996,Automotive Body Technician Level 4,7231.0104,,Craft and Related Trades Workers,"Metal, Machinery and Related Trades Workers",Machinery Mechanics and Repairers,Motor Vehicle Mechanics and Repairers
1997,Brake Specialist,7231.0105,,Craft and Related Trades Workers,"Metal, Machinery and Related Trades Workers",Machinery Mechanics and Repairers,Motor Vehicle Mechanics and Repairers
1998,Clutch Specialist,7231.0106,,Craft and Related Trades Workers,"Metal, Machinery and Related Trades Workers",Machinery Mechanics and Repairers,Motor Vehicle Mechanics and Repairers
1999,"Mechanic Aircraft, Engine Overhauling",7232.0600,7232.60,Craft and Related Trades Workers,"Metal, Machinery and Related Trades Workers",Machinery Mechanics and Repairers,Aircraft Engine Mechanics and Repairers
2000,"Aircraft Mechanics, Other",7232.9900,7232.90,Craft and Related Trades Workers,"Metal, Machinery and Related Trades Workers",Machinery Mechanics and Repairers,Aircraft Engine Mechanics and Repairers
